date,Open,High,Low,Close,adjClose,Volume,unadjustedVolume,change,changePercent,vwap,label,changeOverTime
2020-04-03,8.08,8.08,8.08,8.08,6.04,0,0,0,0,8.08,"April 03, 20",0
2020-04-06,8.15,8.15,8.15,8.15,6.09,0,0,0,0,8.15,"April 06, 20",0
2020-04-07,8.23,8.23,8.23,8.23,6.15,0,0,0,0,8.23,"April 07, 20",0
2020-04-08,8.27,8.27,8.27,8.27,6.18,0,0,0,0,8.27,"April 08, 20",0
2020-04-09,8.4,8.4,8.4,8.4,6.28,0,0,0,0,8.4,"April 09, 20",0
2020-04-13,8.42,8.42,8.42,8.42,6.3,0,0,0,0,8.42,"April 13, 20",0
2020-04-14,8.46,8.46,8.46,8.46,6.33,0,0,0,0,8.46,"April 14, 20",0
2020-04-15,8.45,8.45,8.45,8.45,6.32,0,0,0,0,8.45,"April 15, 20",0
2020-04-16,8.48,8.48,8.48,8.48,6.34,0,0,0,0,8.48,"April 16, 20",0
2020-04-17,8.51,8.51,8.51,8.51,6.36,0,0,0,0,8.51,"April 17, 20",0
2020-04-20,8.48,8.48,8.48,8.48,6.34,0,0,0,0,8.48,"April 20, 20",0
2020-04-21,8.45,8.45,8.45,8.45,6.32,0,0,0,0,8.45,"April 21, 20",0
2020-04-22,8.44,8.44,8.44,8.44,6.31,0,0,0,0,8.44,"April 22, 20",0
2020-04-23,8.44,8.44,8.44,8.44,6.31,0,0,0,0,8.44,"April 23, 20",0
2020-04-24,8.42,8.42,8.42,8.42,6.3,0,0,0,0,8.42,"April 24, 20",0
2020-04-27,8.4,8.4,8.4,8.4,6.28,0,0,0,0,8.4,"April 27, 20",0
2020-04-28,8.4,8.4,8.4,8.4,6.28,0,0,0,0,8.4,"April 28, 20",0
2020-04-29,8.41,8.41,8.41,8.41,6.29,0,0,0,0,8.41,"April 29, 20",0
2020-04-30,8.41,8.41,8.41,8.41,6.31,0,0,0,0,8.41,"April 30, 20",0
2020-05-01,8.4,8.4,8.4,8.4,6.31,0,0,0,0,8.4,"May 01, 20",0
2020-05-04,8.39,8.39,8.39,8.39,6.3,0,0,0,0,8.39,"May 04, 20",0
2020-05-05,8.41,8.41,8.41,8.41,6.31,0,0,0,0,8.41,"May 05, 20",0
2020-05-06,8.42,8.42,8.42,8.42,6.32,0,0,0,0,8.42,"May 06, 20",0
2020-05-07,8.44,8.44,8.44,8.44,6.34,0,0,0,0,8.44,"May 07, 20",0
2020-05-08,8.46,8.46,8.46,8.46,6.35,0,0,0,0,8.46,"May 08, 20",0
2020-05-11,8.47,8.47,8.47,8.47,6.36,0,0,0,0,8.47,"May 11, 20",0
2020-05-12,8.5,8.5,8.5,8.5,6.38,0,0,0,0,8.5,"May 12, 20",0
2020-05-13,8.5,8.5,8.5,8.5,6.38,0,0,0,0,8.5,"May 13, 20",0
2020-05-14,8.48,8.48,8.48,8.48,6.37,0,0,0,0,8.48,"May 14, 20",0
2020-05-15,8.47,8.47,8.47,8.47,6.36,0,0,0,0,8.47,"May 15, 20",0
2020-05-18,8.5,8.5,8.5,8.5,6.38,0,0,0,0,8.5,"May 18, 20",0
2020-05-19,8.52,8.52,8.52,8.52,6.4,0,0,0,0,8.52,"May 19, 20",0
2020-05-20,8.55,8.55,8.55,8.55,6.42,0,0,0,0,8.55,"May 20, 20",0
2020-05-21,8.58,8.58,8.58,8.58,6.44,0,0,0,0,8.58,"May 21, 20",0
2020-05-22,8.6,8.6,8.6,8.6,6.46,0,0,0,0,8.6,"May 22, 20",0
2020-05-26,8.64,8.64,8.64,8.64,6.49,0,0,0,0,8.64,"May 26, 20",0
2020-05-27,8.69,8.69,8.69,8.69,6.52,0,0,0,0,8.69,"May 27, 20",0
2020-05-28,8.72,8.72,8.72,8.72,6.55,0,0,0,0,8.72,"May 28, 20",0
2020-05-29,8.73,8.73,8.73,8.73,6.58,0,0,0,0,8.73,"May 29, 20",0
2020-06-01,8.74,8.74,8.74,8.74,6.58,0,0,0,0,8.74,"June 01, 20",0
2020-06-02,8.77,8.77,8.77,8.77,6.61,0,0,0,0,8.77,"June 02, 20",0
2020-06-03,8.8,8.8,8.8,8.8,6.63,0,0,0,0,8.8,"June 03, 20",0
2020-06-04,8.83,8.83,8.83,8.83,6.65,0,0,0,0,8.83,"June 04, 20",0
2020-06-05,8.87,8.87,8.87,8.87,6.68,0,0,0,0,8.87,"June 05, 20",0
2020-06-08,8.9,8.9,8.9,8.9,6.7,0,0,0,0,8.9,"June 08, 20",0
2020-06-09,8.9,8.9,8.9,8.9,6.7,0,0,0,0,8.9,"June 09, 20",0
2020-06-10,8.91,8.91,8.91,8.91,6.71,0,0,0,0,8.91,"June 10, 20",0
2020-06-11,8.85,8.85,8.85,8.85,6.67,0,0,0,0,8.85,"June 11, 20",0
2020-06-12,8.86,8.86,8.86,8.86,6.67,0,0,0,0,8.86,"June 12, 20",0
2020-06-15,8.84,8.84,8.84,8.84,6.66,0,0,0,0,8.84,"June 15, 20",0
2020-06-16,8.86,8.86,8.86,8.86,6.67,0,0,0,0,8.86,"June 16, 20",0
2020-06-17,8.87,8.87,8.87,8.87,6.68,0,0,0,0,8.87,"June 17, 20",0
2020-06-18,8.87,8.87,8.87,8.87,6.68,0,0,0,0,8.87,"June 18, 20",0
2020-06-19,8.87,8.87,8.87,8.87,6.68,0,0,0,0,8.87,"June 19, 20",0
2020-06-22,8.87,8.87,8.87,8.87,6.68,0,0,0,0,8.87,"June 22, 20",0
2020-06-23,8.87,8.87,8.87,8.87,6.68,0,0,0,0,8.87,"June 23, 20",0
2020-06-24,8.84,8.84,8.84,8.84,6.66,0,0,0,0,8.84,"June 24, 20",0
2020-06-25,8.8,8.8,8.8,8.8,6.63,0,0,0,0,8.8,"June 25, 20",0
2020-06-26,8.78,8.78,8.78,8.78,6.61,0,0,0,0,8.78,"June 26, 20",0
2020-06-29,8.75,8.75,8.75,8.75,6.59,0,0,0,0,8.75,"June 29, 20",0
2020-06-30,8.74,8.74,8.74,8.74,6.61,0,0,0,0,8.74,"June 30, 20",0
2020-07-01,8.76,8.76,8.76,8.76,6.62,0,0,0,0,8.76,"July 01, 20",0
2020-07-02,8.77,8.77,8.77,8.77,6.63,0,0,0,0,8.77,"July 02, 20",0
2020-07-06,8.79,8.79,8.79,8.79,6.64,0,0,0,0,8.79,"July 06, 20",0
2020-07-07,8.79,8.79,8.79,8.79,6.64,0,0,0,0,8.79,"July 07, 20",0
2020-07-08,8.79,8.79,8.79,8.79,6.64,0,0,0,0,8.79,"July 08, 20",0
2020-07-09,8.79,8.79,8.79,8.79,6.64,0,0,0,0,8.79,"July 09, 20",0
2020-07-10,8.78,8.78,8.78,8.78,6.64,0,0,0,0,8.78,"July 10, 20",0
2020-07-13,8.79,8.79,8.79,8.79,6.64,0,0,0,0,8.79,"July 13, 20",0
2020-07-14,8.8,8.8,8.8,8.8,6.65,0,0,0,0,8.8,"July 14, 20",0
2020-07-15,8.82,8.82,8.82,8.82,6.67,0,0,0,0,8.82,"July 15, 20",0
2020-07-16,8.83,8.83,8.83,8.83,6.67,0,0,0,0,8.83,"July 16, 20",0
2020-07-17,8.84,8.84,8.84,8.84,6.68,0,0,0,0,8.84,"July 17, 20",0
2020-07-20,8.85,8.85,8.85,8.85,6.69,0,0,0,0,8.85,"July 20, 20",0
2020-07-21,8.88,8.88,8.88,8.88,6.71,0,0,0,0,8.88,"July 21, 20",0
2020-07-22,8.88,8.88,8.88,8.88,6.71,0,0,0,0,8.88,"July 22, 20",0
2020-07-23,8.89,8.89,8.89,8.89,6.72,0,0,0,0,8.89,"July 23, 20",0
2020-07-24,8.89,8.89,8.89,8.89,6.72,0,0,0,0,8.89,"July 24, 20",0
2020-07-27,8.89,8.89,8.89,8.89,6.72,0,0,0,0,8.89,"July 27, 20",0
2020-07-28,8.89,8.89,8.89,8.89,6.72,0,0,0,0,8.89,"July 28, 20",0
2020-07-29,8.89,8.89,8.89,8.89,6.72,0,0,0,0,8.89,"July 29, 20",0
2020-07-30,8.88,8.88,8.88,8.88,6.71,0,0,0,0,8.88,"July 30, 20",0
2020-07-31,8.88,8.88,8.88,8.88,6.73,0,0,0,0,8.88,"July 31, 20",0
2020-08-03,8.89,8.89,8.89,8.89,6.74,0,0,0,0,8.89,"August 03, 20",0
2020-08-04,8.89,8.89,8.89,8.89,6.74,0,0,0,0,8.89,"August 04, 20",0
2020-08-05,8.9,8.9,8.9,8.9,6.75,0,0,0,0,8.9,"August 05, 20",0
2020-08-06,8.91,8.91,8.91,8.91,6.75,0,0,0,0,8.91,"August 06, 20",0
2020-08-07,8.91,8.91,8.91,8.91,6.75,0,0,0,0,8.91,"August 07, 20",0
2020-08-10,8.92,8.92,8.92,8.92,6.76,0,0,0,0,8.92,"August 10, 20",0
2020-08-11,8.93,8.93,8.93,8.93,6.77,0,0,0,0,8.93,"August 11, 20",0
2020-08-12,8.94,8.94,8.94,8.94,6.78,0,0,0,0,8.94,"August 12, 20",0
2020-08-13,8.95,8.95,8.95,8.95,6.78,0,0,0,0,8.95,"August 13, 20",0
2020-08-14,8.95,8.95,8.95,8.95,6.78,0,0,0,0,8.95,"August 14, 20",0
2020-08-17,8.95,8.95,8.95,8.95,6.78,0,0,0,0,8.95,"August 17, 20",0
2020-08-18,8.95,8.95,8.95,8.95,6.78,0,0,0,0,8.95,"August 18, 20",0
2020-08-19,8.95,8.95,8.95,8.95,6.78,0,0,0,0,8.95,"August 19, 20",0
2020-08-20,8.95,8.95,8.95,8.95,6.78,0,0,0,0,8.95,"August 20, 20",0
2020-08-21,8.95,8.95,8.95,8.95,6.78,0,0,0,0,8.95,"August 21, 20",0
2020-08-24,8.95,8.95,8.95,8.95,6.78,0,0,0,0,8.95,"August 24, 20",0
2020-08-25,8.96,8.96,8.96,8.96,6.79,0,0,0,0,8.96,"August 25, 20",0
2020-08-26,8.96,8.96,8.96,8.96,6.79,0,0,0,0,8.96,"August 26, 20",0
2020-08-27,8.97,8.97,8.97,8.97,6.8,0,0,0,0,8.97,"August 27, 20",0
2020-08-28,8.97,8.97,8.97,8.97,6.8,0,0,0,0,8.97,"August 28, 20",0
2020-08-31,8.98,8.98,8.98,8.98,6.83,0,0,0,0,8.98,"August 31, 20",0
2020-09-01,8.99,8.99,8.99,8.99,6.83,0,0,0,0,8.99,"September 01, 20",0
2020-09-02,9.01,9.01,9.01,9.01,6.85,0,0,0,0,9.01,"September 02, 20",0
2020-09-03,9.03,9.03,9.03,9.03,6.87,0,0,0,0,9.03,"September 03, 20",0
2020-09-04,9.02,9.02,9.02,9.02,6.86,0,0,0,0,9.02,"September 04, 20",0
2020-09-08,9.02,9.02,9.02,9.02,6.86,0,0,0,0,9.02,"September 08, 20",0
2020-09-09,9.04,9.04,9.04,9.04,6.87,0,0,0,0,9.04,"September 09, 20",0
2020-09-10,9.04,9.04,9.04,9.04,6.87,0,0,0,0,9.04,"September 10, 20",0
2020-09-11,9.05,9.05,9.05,9.05,6.88,0,0,0,0,9.05,"September 11, 20",0
2020-09-14,9.06,9.06,9.06,9.06,6.89,0,0,0,0,9.06,"September 14, 20",0
2020-09-15,9.06,9.06,9.06,9.06,6.89,0,0,0,0,9.06,"September 15, 20",0
2020-09-16,9.07,9.07,9.07,9.07,6.9,0,0,0,0,9.07,"September 16, 20",0
2020-09-17,9.06,9.06,9.06,9.06,6.89,0,0,0,0,9.06,"September 17, 20",0
2020-09-18,9.06,9.06,9.06,9.06,6.89,0,0,0,0,9.06,"September 18, 20",0
2020-09-21,9.04,9.04,9.04,9.04,6.87,0,0,0,0,9.04,"September 21, 20",0
2020-09-22,9.04,9.04,9.04,9.04,6.87,0,0,0,0,9.04,"September 22, 20",0
2020-09-23,9.03,9.03,9.03,9.03,6.87,0,0,0,0,9.03,"September 23, 20",0
2020-09-24,9.01,9.01,9.01,9.01,6.85,0,0,0,0,9.01,"September 24, 20",0
2020-09-25,8.99,8.99,8.99,8.99,6.83,0,0,0,0,8.99,"September 25, 20",0
2020-09-28,9.0,9.0,9.0,9.0,6.84,0,0,0,0,9.0,"September 28, 20",0
2020-09-29,9.0,9.0,9.0,9.0,6.84,0,0,0,0,9.0,"September 29, 20",0
2020-09-30,8.99,8.99,8.99,8.99,6.86,0,0,0,0,8.99,"September 30, 20",0
2020-10-01,8.99,8.99,8.99,8.99,6.86,0,0,0,0,8.99,"October 01, 20",0
2020-10-02,8.99,8.99,8.99,8.99,6.86,0,0,0,0,8.99,"October 02, 20",0
2020-10-05,9.02,9.02,9.02,9.02,6.88,0,0,0,0,9.02,"October 05, 20",0
2020-10-06,9.03,9.03,9.03,9.03,6.89,0,0,0,0,9.03,"October 06, 20",0
2020-10-07,9.03,9.03,9.03,9.03,6.89,0,0,0,0,9.03,"October 07, 20",0
2020-10-08,9.04,9.04,9.04,9.04,6.89,0,0,0,0,9.04,"October 08, 20",0
2020-10-09,9.04,9.04,9.04,9.04,6.89,0,0,0,0,9.04,"October 09, 20",0
2020-10-12,9.04,9.04,9.04,9.04,6.89,0,0,0,0,9.04,"October 12, 20",0
2020-10-13,9.04,9.04,9.04,9.04,6.89,0,0,0,0,9.04,"October 13, 20",0
2020-10-14,9.04,9.04,9.04,9.04,6.89,0,0,0,0,9.04,"October 14, 20",0
2020-10-15,9.03,9.03,9.03,9.03,6.89,0,0,0,0,9.03,"October 15, 20",0
2020-10-16,9.03,9.03,9.03,9.03,6.89,0,0,0,0,9.03,"October 16, 20",0
2020-10-19,9.04,9.04,9.04,9.04,6.89,0,0,0,0,9.04,"October 19, 20",0
2020-10-20,9.04,9.04,9.04,9.04,6.89,0,0,0,0,9.04,"October 20, 20",0
2020-10-21,9.04,9.04,9.04,9.04,6.89,0,0,0,0,9.04,"October 21, 20",0
2020-10-22,9.03,9.03,9.03,9.03,6.89,0,0,0,0,9.03,"October 22, 20",0
2020-10-23,9.03,9.03,9.03,9.03,6.89,0,0,0,0,9.03,"October 23, 20",0
2020-10-26,9.02,9.02,9.02,9.02,6.88,0,0,0,0,9.02,"October 26, 20",0
2020-10-27,9.01,9.01,9.01,9.01,6.87,0,0,0,0,9.01,"October 27, 20",0
2020-10-28,8.98,8.98,8.98,8.98,6.85,0,0,0,0,8.98,"October 28, 20",0
2020-10-29,8.98,8.98,8.98,8.98,6.85,0,0,0,0,8.98,"October 29, 20",0
2020-10-30,8.97,8.97,8.97,8.97,6.86,0,0,0,0,8.97,"October 30, 20",0
2020-11-02,8.97,8.97,8.97,8.97,6.86,0,0,0,0,8.97,"November 02, 20",0
2020-11-03,8.97,8.97,8.97,8.97,6.86,0,0,0,0,8.97,"November 03, 20",0
2020-11-04,8.99,8.99,8.99,8.99,6.88,0,0,0,0,8.99,"November 04, 20",0
2020-11-05,9.02,9.02,9.02,9.02,6.9,0,0,0,0,9.02,"November 05, 20",0
2020-11-06,9.03,9.03,9.03,9.03,6.91,0,0,0,0,9.03,"November 06, 20",0
2020-11-09,9.11,9.11,9.11,9.11,6.97,0,0,0,0,9.11,"November 09, 20",0
2020-11-10,9.11,9.11,9.11,9.11,6.97,0,0,0,0,9.11,"November 10, 20",0
2020-11-11,9.11,9.11,9.11,9.11,6.97,0,0,0,0,9.11,"November 11, 20",0
2020-11-12,9.1,9.1,9.1,9.1,6.96,0,0,0,0,9.1,"November 12, 20",0
2020-11-13,9.1,9.1,9.1,9.1,6.96,0,0,0,0,9.1,"November 13, 20",0
2020-11-16,9.11,9.11,9.11,9.11,6.97,0,0,0,0,9.11,"November 16, 20",0
2020-11-17,9.11,9.11,9.11,9.11,6.97,0,0,0,0,9.11,"November 17, 20",0
2020-11-18,9.12,9.12,9.12,9.12,6.98,0,0,0,0,9.12,"November 18, 20",0
2020-11-19,9.12,9.12,9.12,9.12,6.98,0,0,0,0,9.12,"November 19, 20",0
2020-11-20,9.12,9.12,9.12,9.12,6.98,0,0,0,0,9.12,"November 20, 20",0
2020-11-23,9.14,9.14,9.14,9.14,6.99,0,0,0,0,9.14,"November 23, 20",0
2020-11-24,9.16,9.16,9.16,9.16,7.01,0,0,0,0,9.16,"November 24, 20",0
2020-11-25,9.17,9.17,9.17,9.17,7.01,0,0,0,0,9.17,"November 25, 20",0
2020-11-27,9.18,9.18,9.18,9.18,7.02,0,0,0,0,9.18,"November 27, 20",0
2020-11-30,9.18,9.18,9.18,9.18,7.04,0,0,0,0,9.18,"November 30, 20",0
2020-12-01,9.2,9.2,9.2,9.2,7.06,0,0,0,0,9.2,"December 01, 20",0
2020-12-02,9.21,9.21,9.21,9.21,7.06,0,0,0,0,9.21,"December 02, 20",0
2020-12-03,9.23,9.23,9.23,9.23,7.08,0,0,0,0,9.23,"December 03, 20",0
2020-12-04,9.25,9.25,9.25,9.25,7.1,0,0,0,0,9.25,"December 04, 20",0
2020-12-07,9.24,9.24,9.24,9.24,7.09,0,0,0,0,9.24,"December 07, 20",0
2020-12-08,9.24,9.24,9.24,9.24,7.09,0,0,0,0,9.24,"December 08, 20",0
2020-12-09,9.24,9.24,9.24,9.24,7.09,0,0,0,0,9.24,"December 09, 20",0
2020-12-10,9.25,9.25,9.25,9.25,7.1,0,0,0,0,9.25,"December 10, 20",0
2020-12-11,9.24,9.24,9.24,9.24,7.09,0,0,0,0,9.24,"December 11, 20",0
2020-12-14,9.25,9.25,9.25,9.25,7.1,0,0,0,0,9.25,"December 14, 20",0
2020-12-15,9.25,9.25,9.25,9.25,7.1,0,0,0,0,9.25,"December 15, 20",0
2020-12-16,9.26,9.26,9.26,9.26,7.1,0,0,0,0,9.26,"December 16, 20",0
2020-12-17,9.27,9.27,9.27,9.27,7.11,0,0,0,0,9.27,"December 17, 20",0
2020-12-18,9.27,9.27,9.27,9.27,7.11,0,0,0,0,9.27,"December 18, 20",0
2020-12-21,9.25,9.25,9.25,9.25,7.1,0,0,0,0,9.25,"December 21, 20",0
2020-12-22,9.25,9.25,9.25,9.25,7.1,0,0,0,0,9.25,"December 22, 20",0
2020-12-23,9.26,9.26,9.26,9.26,7.1,0,0,0,0,9.26,"December 23, 20",0
2020-12-24,9.26,9.26,9.26,9.26,7.1,0,0,0,0,9.26,"December 24, 20",0
2020-12-28,9.27,9.27,9.27,9.27,7.11,0,0,0,0,9.27,"December 28, 20",0
2020-12-29,9.27,9.27,9.27,9.27,7.11,0,0,0,0,9.27,"December 29, 20",0
2020-12-30,9.28,9.28,9.28,9.28,7.12,0,0,0,0,9.28,"December 30, 20",0
2020-12-31,9.27,9.27,9.27,9.27,7.13,0,0,0,0,9.27,"December 31, 20",0
2021-01-04,9.28,9.28,9.28,9.28,7.14,0,0,0,0,9.28,"January 04, 21",0
2021-01-05,9.29,9.29,9.29,9.29,7.15,0,0,0,0,9.29,"January 05, 21",0
2021-01-06,9.31,9.31,9.31,9.31,7.16,0,0,0,0,9.31,"January 06, 21",0
2021-01-07,9.33,9.33,9.33,9.33,7.18,0,0,0,0,9.33,"January 07, 21",0
2021-01-08,9.34,9.34,9.34,9.34,7.18,0,0,0,0,9.34,"January 08, 21",0
2021-01-11,9.34,9.34,9.34,9.34,7.18,0,0,0,0,9.34,"January 11, 21",0
2021-01-12,9.35,9.35,9.35,9.35,7.19,0,0,0,0,9.35,"January 12, 21",0
2021-01-13,9.35,9.35,9.35,9.35,7.19,0,0,0,0,9.35,"January 13, 21",0
2021-01-14,9.36,9.36,9.36,9.36,7.2,0,0,0,0,9.36,"January 14, 21",0
2021-01-15,9.37,9.37,9.37,9.37,7.21,0,0,0,0,9.37,"January 15, 21",0
2021-01-19,9.37,9.37,9.37,9.37,7.21,0,0,0,0,9.37,"January 19, 21",0
2021-01-20,9.37,9.37,9.37,9.37,7.21,0,0,0,0,9.37,"January 20, 21",0
2021-01-21,9.37,9.37,9.37,9.37,7.21,0,0,0,0,9.37,"January 21, 21",0
2021-01-22,9.37,9.37,9.37,9.37,7.21,0,0,0,0,9.37,"January 22, 21",0
2021-01-25,9.37,9.37,9.37,9.37,7.21,0,0,0,0,9.37,"January 25, 21",0
2021-01-26,9.38,9.38,9.38,9.38,7.22,0,0,0,0,9.38,"January 26, 21",0
2021-01-27,9.36,9.36,9.36,9.36,7.2,0,0,0,0,9.36,"January 27, 21",0
2021-01-28,9.36,9.36,9.36,9.36,7.2,0,0,0,0,9.36,"January 28, 21",0
2021-01-29,9.34,9.34,9.34,9.34,7.21,0,0,0,0,9.34,"January 29, 21",0
2021-02-01,9.35,9.35,9.35,9.35,7.21,0,0,0,0,9.35,"February 01, 21",0
2021-02-02,9.35,9.35,9.35,9.35,7.21,0,0,0,0,9.35,"February 02, 21",0
2021-02-03,9.36,9.36,9.36,9.36,7.22,0,0,0,0,9.36,"February 03, 21",0
2021-02-04,9.37,9.37,9.37,9.37,7.23,0,0,0,0,9.37,"February 04, 21",0
2021-02-05,9.37,9.37,9.37,9.37,7.23,0,0,0,0,9.37,"February 05, 21",0
2021-02-08,9.38,9.38,9.38,9.38,7.24,0,0,0,0,9.38,"February 08, 21",0
2021-02-09,9.38,9.38,9.38,9.38,7.24,0,0,0,0,9.38,"February 09, 21",0
2021-02-10,9.4,9.4,9.4,9.4,7.25,0,0,0,0,9.4,"February 10, 21",0
2021-02-11,9.4,9.4,9.4,9.4,7.25,0,0,0,0,9.4,"February 11, 21",0
2021-02-12,9.4,9.4,9.4,9.4,7.25,0,0,0,0,9.4,"February 12, 21",0
2021-02-16,9.41,9.41,9.41,9.41,7.26,0,0,0,0,9.41,"February 16, 21",0
2021-02-17,9.41,9.41,9.41,9.41,7.26,0,0,0,0,9.41,"February 17, 21",0
2021-02-18,9.4,9.4,9.4,9.4,7.25,0,0,0,0,9.4,"February 18, 21",0
2021-02-19,9.41,9.41,9.41,9.41,7.26,0,0,0,0,9.41,"February 19, 21",0
2021-02-22,9.41,9.41,9.41,9.41,7.26,0,0,0,0,9.41,"February 22, 21",0
2021-02-23,9.42,9.42,9.42,9.42,7.27,0,0,0,0,9.42,"February 23, 21",0
2021-02-24,9.42,9.42,9.42,9.42,7.27,0,0,0,0,9.42,"February 24, 21",0
2021-02-25,9.42,9.42,9.42,9.42,7.27,0,0,0,0,9.42,"February 25, 21",0
2021-02-26,9.42,9.42,9.42,9.42,7.29,0,0,0,0,9.42,"February 26, 21",0
2021-03-01,9.42,9.42,9.42,9.42,7.29,0,0,0,0,9.42,"March 01, 21",0
2021-03-02,9.42,9.42,9.42,9.42,7.29,0,0,0,0,9.42,"March 02, 21",0
2021-03-03,9.42,9.42,9.42,9.42,7.29,0,0,0,0,9.42,"March 03, 21",0
2021-03-04,9.41,9.41,9.41,9.41,7.28,0,0,0,0,9.41,"March 04, 21",0
2021-03-05,9.4,9.4,9.4,9.4,7.27,0,0,0,0,9.4,"March 05, 21",0
2021-03-08,9.4,9.4,9.4,9.4,7.27,0,0,0,0,9.4,"March 08, 21",0
2021-03-09,9.4,9.4,9.4,9.4,7.27,0,0,0,0,9.4,"March 09, 21",0
2021-03-10,9.4,9.4,9.4,9.4,7.27,0,0,0,0,9.4,"March 10, 21",0
2021-03-11,9.41,9.41,9.41,9.41,7.28,0,0,0,0,9.41,"March 11, 21",0
2021-03-12,9.41,9.41,9.41,9.41,7.28,0,0,0,0,9.41,"March 12, 21",0
2021-03-15,9.4,9.4,9.4,9.4,7.27,0,0,0,0,9.4,"March 15, 21",0
2021-03-16,9.4,9.4,9.4,9.4,7.27,0,0,0,0,9.4,"March 16, 21",0
2021-03-17,9.39,9.39,9.39,9.39,7.26,0,0,0,0,9.39,"March 17, 21",0
2021-03-18,9.38,9.38,9.38,9.38,7.25,0,0,0,0,9.38,"March 18, 21",0
2021-03-19,9.39,9.39,9.39,9.39,7.26,0,0,0,0,9.39,"March 19, 21",0
2021-03-22,9.39,9.39,9.39,9.39,7.26,0,0,0,0,9.39,"March 22, 21",0
2021-03-23,9.38,9.38,9.38,9.38,7.25,0,0,0,0,9.38,"March 23, 21",0
2021-03-24,9.38,9.38,9.38,9.38,7.25,0,0,0,0,9.38,"March 24, 21",0
2021-03-25,9.38,9.38,9.38,9.38,7.25,0,0,0,0,9.38,"March 25, 21",0
2021-03-26,9.38,9.38,9.38,9.38,7.25,0,0,0,0,9.38,"March 26, 21",0
2021-03-29,9.38,9.38,9.38,9.38,7.25,0,0,0,0,9.38,"March 29, 21",0
2021-03-30,9.38,9.38,9.38,9.38,7.25,0,0,0,0,9.38,"March 30, 21",0
2021-03-31,9.38,9.38,9.38,9.38,7.27,0,0,0,0,9.38,"March 31, 21",0
2021-04-01,9.39,9.39,9.39,9.39,7.28,0,0,0,0,9.39,"April 01, 21",0
2021-04-05,9.39,9.39,9.39,9.39,7.28,0,0,0,0,9.39,"April 05, 21",0
2021-04-06,9.4,9.4,9.4,9.4,7.29,0,0,0,0,9.4,"April 06, 21",0
2021-04-07,9.41,9.41,9.41,9.41,7.3,0,0,0,0,9.41,"April 07, 21",0
2021-04-08,9.41,9.41,9.41,9.41,7.3,0,0,0,0,9.41,"April 08, 21",0
2021-04-09,9.41,9.41,9.41,9.41,7.3,0,0,0,0,9.41,"April 09, 21",0
2021-04-12,9.41,9.41,9.41,9.41,7.3,0,0,0,0,9.41,"April 12, 21",0
2021-04-13,9.41,9.41,9.41,9.41,7.3,0,0,0,0,9.41,"April 13, 21",0
2021-04-14,9.41,9.41,9.41,9.41,7.3,0,0,0,0,9.41,"April 14, 21",0
2021-04-15,9.41,9.41,9.41,9.41,7.3,0,0,0,0,9.41,"April 15, 21",0
2021-04-16,9.41,9.41,9.41,9.41,7.3,0,0,0,0,9.41,"April 16, 21",0
2021-04-19,9.41,9.41,9.41,9.41,7.3,0,0,0,0,9.41,"April 19, 21",0
2021-04-20,9.4,9.4,9.4,9.4,7.29,0,0,0,0,9.4,"April 20, 21",0
2021-04-21,9.4,9.4,9.4,9.4,7.29,0,0,0,0,9.4,"April 21, 21",0
2021-04-22,9.4,9.4,9.4,9.4,7.29,0,0,0,0,9.4,"April 22, 21",0
2021-04-23,9.4,9.4,9.4,9.4,7.29,0,0,0,0,9.4,"April 23, 21",0
2021-04-26,9.41,9.41,9.41,9.41,7.3,0,0,0,0,9.41,"April 26, 21",0
2021-04-27,9.41,9.41,9.41,9.41,7.3,0,0,0,0,9.41,"April 27, 21",0
2021-04-28,9.41,9.41,9.41,9.41,7.3,0,0,0,0,9.41,"April 28, 21",0
2021-04-29,9.41,9.41,9.41,9.41,7.3,0,0,0,0,9.41,"April 29, 21",0
2021-04-30,9.41,9.41,9.41,9.41,7.32,0,0,0,0,9.41,"April 30, 21",0
2021-05-03,9.41,9.41,9.41,9.41,7.32,0,0,0,0,9.41,"May 03, 21",0
2021-05-04,9.41,9.41,9.41,9.41,7.32,0,0,0,0,9.41,"May 04, 21",0
2021-05-05,9.41,9.41,9.41,9.41,7.32,0,0,0,0,9.41,"May 05, 21",0
2021-05-06,9.41,9.41,9.41,9.41,7.32,0,0,0,0,9.41,"May 06, 21",0
2021-05-07,9.42,9.42,9.42,9.42,7.32,0,0,0,0,9.42,"May 07, 21",0
2021-05-10,9.42,9.42,9.42,9.42,7.32,0,0,0,0,9.42,"May 10, 21",0
2021-05-11,9.41,9.41,9.41,9.41,7.32,0,0,0,0,9.41,"May 11, 21",0
2021-05-12,9.41,9.41,9.41,9.41,7.32,0,0,0,0,9.41,"May 12, 21",0
2021-05-13,9.41,9.41,9.41,9.41,7.32,0,0,0,0,9.41,"May 13, 21",0
2021-05-14,9.41,9.41,9.41,9.41,7.32,0,0,0,0,9.41,"May 14, 21",0
2021-05-17,9.42,9.42,9.42,9.42,7.32,0,0,0,0,9.42,"May 17, 21",0
2021-05-18,9.43,9.43,9.43,9.43,7.33,0,0,0,0,9.43,"May 18, 21",0
2021-05-19,9.43,9.43,9.43,9.43,7.33,0,0,0,0,9.43,"May 19, 21",0
2021-05-20,9.43,9.43,9.43,9.43,7.33,0,0,0,0,9.43,"May 20, 21",0
2021-05-21,9.44,9.44,9.44,9.44,7.34,0,0,0,0,9.44,"May 21, 21",0
2021-05-24,9.45,9.45,9.45,9.45,7.35,0,0,0,0,9.45,"May 24, 21",0
2021-05-25,9.45,9.45,9.45,9.45,7.35,0,0,0,0,9.45,"May 25, 21",0
2021-05-26,9.45,9.45,9.45,9.45,7.35,0,0,0,0,9.45,"May 26, 21",0
2021-05-27,9.45,9.45,9.45,9.45,7.35,0,0,0,0,9.45,"May 27, 21",0
2021-05-28,9.45,9.45,9.45,9.45,7.37,0,0,0,0,9.45,"May 28, 21",0
2021-06-01,9.46,9.46,9.46,9.46,7.37,0,0,0,0,9.46,"June 01, 21",0
2021-06-02,9.46,9.46,9.46,9.46,7.37,0,0,0,0,9.46,"June 02, 21",0
2021-06-03,9.45,9.45,9.45,9.45,7.37,0,0,0,0,9.45,"June 03, 21",0
2021-06-04,9.46,9.46,9.46,9.46,7.37,0,0,0,0,9.46,"June 04, 21",0
2021-06-07,9.46,9.46,9.46,9.46,7.37,0,0,0,0,9.46,"June 07, 21",0
2021-06-08,9.47,9.47,9.47,9.47,7.38,0,0,0,0,9.47,"June 08, 21",0
2021-06-09,9.47,9.47,9.47,9.47,7.38,0,0,0,0,9.47,"June 09, 21",0
2021-06-10,9.47,9.47,9.47,9.47,7.38,0,0,0,0,9.47,"June 10, 21",0
2021-06-11,9.47,9.47,9.47,9.47,7.38,0,0,0,0,9.47,"June 11, 21",0
2021-06-14,9.47,9.47,9.47,9.47,7.38,0,0,0,0,9.47,"June 14, 21",0
2021-06-15,9.47,9.47,9.47,9.47,7.38,0,0,0,0,9.47,"June 15, 21",0
2021-06-16,9.47,9.47,9.47,9.47,7.38,0,0,0,0,9.47,"June 16, 21",0
2021-06-17,9.46,9.46,9.46,9.46,7.37,0,0,0,0,9.46,"June 17, 21",0
2021-06-18,9.46,9.46,9.46,9.46,7.37,0,0,0,0,9.46,"June 18, 21",0
2021-06-21,9.46,9.46,9.46,9.46,7.37,0,0,0,0,9.46,"June 21, 21",0
2021-06-22,9.46,9.46,9.46,9.46,7.37,0,0,0,0,9.46,"June 22, 21",0
2021-06-23,9.46,9.46,9.46,9.46,7.37,0,0,0,0,9.46,"June 23, 21",0
2021-06-24,9.46,9.46,9.46,9.46,7.37,0,0,0,0,9.46,"June 24, 21",0
2021-06-25,9.46,9.46,9.46,9.46,7.37,0,0,0,0,9.46,"June 25, 21",0
2021-06-28,9.45,9.45,9.45,9.45,7.37,0,0,0,0,9.45,"June 28, 21",0
2021-06-29,9.45,9.45,9.45,9.45,7.37,0,0,0,0,9.45,"June 29, 21",0
2021-06-30,9.45,9.45,9.45,9.45,7.39,0,0,0,0,9.45,"June 30, 21",0
2021-07-01,9.46,9.46,9.46,9.46,7.39,0,0,0,0,9.46,"July 01, 21",0
2021-07-02,9.46,9.46,9.46,9.46,7.39,0,0,0,0,9.46,"July 02, 21",0
2021-07-06,9.45,9.45,9.45,9.45,7.39,0,0,0,0,9.45,"July 06, 21",0
2021-07-07,9.45,9.45,9.45,9.45,7.39,0,0,0,0,9.45,"July 07, 21",0
2021-07-08,9.45,9.45,9.45,9.45,7.39,0,0,0,0,9.45,"July 08, 21",0
2021-07-09,9.45,9.45,9.45,9.45,7.39,0,0,0,0,9.45,"July 09, 21",0
2021-07-12,9.45,9.45,9.45,9.45,7.39,0,0,0,0,9.45,"July 12, 21",0
2021-07-13,9.45,9.45,9.45,9.45,7.39,0,0,0,0,9.45,"July 13, 21",0
2021-07-14,9.45,9.45,9.45,9.45,7.39,0,0,0,0,9.45,"July 14, 21",0
2021-07-15,9.44,9.44,9.44,9.44,7.38,0,0,0,0,9.44,"July 15, 21",0
2021-07-16,9.44,9.44,9.44,9.44,7.38,0,0,0,0,9.44,"July 16, 21",0
2021-07-19,9.42,9.42,9.42,9.42,7.36,0,0,0,0,9.42,"July 19, 21",0
2021-07-20,9.42,9.42,9.42,9.42,7.36,0,0,0,0,9.42,"July 20, 21",0
2021-07-21,9.43,9.43,9.43,9.43,7.37,0,0,0,0,9.43,"July 21, 21",0
2021-07-22,9.43,9.43,9.43,9.43,7.37,0,0,0,0,9.43,"July 22, 21",0
2021-07-23,9.43,9.43,9.43,9.43,7.37,0,0,0,0,9.43,"July 23, 21",0
2021-07-26,9.43,9.43,9.43,9.43,7.37,0,0,0,0,9.43,"July 26, 21",0
2021-07-27,9.42,9.42,9.42,9.42,7.36,0,0,0,0,9.42,"July 27, 21",0
2021-07-28,9.42,9.42,9.42,9.42,7.36,0,0,0,0,9.42,"July 28, 21",0
2021-07-29,9.42,9.42,9.42,9.42,7.36,0,0,0,0,9.42,"July 29, 21",0
2021-07-30,9.41,9.41,9.41,9.41,7.37,0,0,0,0,9.41,"July 30, 21",0
2021-08-02,9.41,9.41,9.41,9.41,7.37,0,0,0,0,9.41,"August 02, 21",0
2021-08-03,9.41,9.41,9.41,9.41,7.37,0,0,0,0,9.41,"August 03, 21",0
2021-08-04,9.41,9.41,9.41,9.41,7.37,0,0,0,0,9.41,"August 04, 21",0
2021-08-05,9.41,9.41,9.41,9.41,7.37,0,0,0,0,9.41,"August 05, 21",0
2021-08-06,9.41,9.41,9.41,9.41,7.37,0,0,0,0,9.41,"August 06, 21",0
2021-08-09,9.41,9.41,9.41,9.41,7.37,0,0,0,0,9.41,"August 09, 21",0
2021-08-10,9.41,9.41,9.41,9.41,7.37,0,0,0,0,9.41,"August 10, 21",0
2021-08-11,9.41,9.41,9.41,9.41,7.37,0,0,0,0,9.41,"August 11, 21",0
2021-08-12,9.42,9.42,9.42,9.42,7.38,0,0,0,0,9.42,"August 12, 21",0
2021-08-13,9.42,9.42,9.42,9.42,7.38,0,0,0,0,9.42,"August 13, 21",0
2021-08-16,9.42,9.42,9.42,9.42,7.38,0,0,0,0,9.42,"August 16, 21",0
2021-08-17,9.41,9.41,9.41,9.41,7.37,0,0,0,0,9.41,"August 17, 21",0
2021-08-18,9.41,9.41,9.41,9.41,7.37,0,0,0,0,9.41,"August 18, 21",0
2021-08-19,9.41,9.41,9.41,9.41,7.37,0,0,0,0,9.41,"August 19, 21",0
2021-08-20,9.41,9.41,9.41,9.41,7.37,0,0,0,0,9.41,"August 20, 21",0
2021-08-23,9.42,9.42,9.42,9.42,7.38,0,0,0,0,9.42,"August 23, 21",0
2021-08-24,9.42,9.42,9.42,9.42,7.38,0,0,0,0,9.42,"August 24, 21",0
2021-08-25,9.43,9.43,9.43,9.43,7.39,0,0,0,0,9.43,"August 25, 21",0
2021-08-26,9.43,9.43,9.43,9.43,7.39,0,0,0,0,9.43,"August 26, 21",0
2021-08-27,9.44,9.44,9.44,9.44,7.4,0,0,0,0,9.44,"August 27, 21",0
2021-08-30,9.44,9.44,9.44,9.44,7.4,0,0,0,0,9.44,"August 30, 21",0
2021-08-31,9.45,9.45,9.45,9.45,7.43,0,0,0,0,9.45,"August 31, 21",0
2021-09-01,9.45,9.45,9.45,9.45,7.43,0,0,0,0,9.45,"September 01, 21",0
2021-09-02,9.46,9.46,9.46,9.46,7.43,0,0,0,0,9.46,"September 02, 21",0
2021-09-03,9.46,9.46,9.46,9.46,7.43,0,0,0,0,9.46,"September 03, 21",0
2021-09-07,9.46,9.46,9.46,9.46,7.43,0,0,0,0,9.46,"September 07, 21",0
2021-09-08,9.46,9.46,9.46,9.46,7.43,0,0,0,0,9.46,"September 08, 21",0
2021-09-09,9.47,9.47,9.47,9.47,7.44,0,0,0,0,9.47,"September 09, 21",0
2021-09-10,9.47,9.47,9.47,9.47,7.44,0,0,0,0,9.47,"September 10, 21",0
2021-09-13,9.48,9.48,9.48,9.48,7.45,0,0,0,0,9.48,"September 13, 21",0
2021-09-14,9.48,9.48,9.48,9.48,7.45,0,0,0,0,9.48,"September 14, 21",0
2021-09-15,9.48,9.48,9.48,9.48,7.45,0,0,0,0,9.48,"September 15, 21",0
2021-09-16,9.48,9.48,9.48,9.48,7.45,0,0,0,0,9.48,"September 16, 21",0
2021-09-17,9.48,9.48,9.48,9.48,7.45,0,0,0,0,9.48,"September 17, 21",0
2021-09-20,9.47,9.47,9.47,9.47,7.44,0,0,0,0,9.47,"September 20, 21",0
2021-09-21,9.48,9.48,9.48,9.48,7.45,0,0,0,0,9.48,"September 21, 21",0
2021-09-22,9.48,9.48,9.48,9.48,7.45,0,0,0,0,9.48,"September 22, 21",0
2021-09-23,9.48,9.48,9.48,9.48,7.45,0,0,0,0,9.48,"September 23, 21",0
2021-09-24,9.48,9.48,9.48,9.48,7.45,0,0,0,0,9.48,"September 24, 21",0
2021-09-27,9.48,9.48,9.48,9.48,7.45,0,0,0,0,9.48,"September 27, 21",0
2021-09-28,9.49,9.49,9.49,9.49,7.46,0,0,0,0,9.49,"September 28, 21",0
2021-09-29,9.49,9.49,9.49,9.49,7.46,0,0,0,0,9.49,"September 29, 21",0
2021-09-30,9.49,9.49,9.49,9.49,7.48,0,0,0,0,9.49,"September 30, 21",0
2021-10-01,9.5,9.5,9.5,9.5,7.48,0,0,0,0,9.5,"October 01, 21",0
2021-10-04,9.5,9.5,9.5,9.5,7.48,0,0,0,0,9.5,"October 04, 21",0
2021-10-05,9.5,9.5,9.5,9.5,7.48,0,0,0,0,9.5,"October 05, 21",0
2021-10-06,9.5,9.5,9.5,9.5,7.48,0,0,0,0,9.5,"October 06, 21",0
2021-10-07,9.5,9.5,9.5,9.5,7.48,0,0,0,0,9.5,"October 07, 21",0
2021-10-08,9.5,9.5,9.5,9.5,7.48,0,0,0,0,9.5,"October 08, 21",0
2021-10-11,9.5,9.5,9.5,9.5,7.48,0,0,0,0,9.5,"October 11, 21",0
2021-10-12,9.5,9.5,9.5,9.5,7.48,0,0,0,0,9.5,"October 12, 21",0
2021-10-13,9.5,9.5,9.5,9.5,7.48,0,0,0,0,9.5,"October 13, 21",0
2021-10-14,9.5,9.5,9.5,9.5,7.48,0,0,0,0,9.5,"October 14, 21",0
2021-10-15,9.5,9.5,9.5,9.5,7.48,0,0,0,0,9.5,"October 15, 21",0
2021-10-18,9.5,9.5,9.5,9.5,7.48,0,0,0,0,9.5,"October 18, 21",0
2021-10-19,9.5,9.5,9.5,9.5,7.48,0,0,0,0,9.5,"October 19, 21",0
2021-10-20,9.5,9.5,9.5,9.5,7.48,0,0,0,0,9.5,"October 20, 21",0
2021-10-21,9.5,9.5,9.5,9.5,7.48,0,0,0,0,9.5,"October 21, 21",0
2021-10-22,9.5,9.5,9.5,9.5,7.48,0,0,0,0,9.5,"October 22, 21",0
2021-10-25,9.51,9.51,9.51,9.51,7.49,0,0,0,0,9.51,"October 25, 21",0
2021-10-26,9.5,9.5,9.5,9.5,7.48,0,0,0,0,9.5,"October 26, 21",0
2021-10-27,9.5,9.5,9.5,9.5,7.48,0,0,0,0,9.5,"October 27, 21",0
2021-10-28,9.51,9.51,9.51,9.51,7.49,0,0,0,0,9.51,"October 28, 21",0
2021-10-29,9.52,9.52,9.52,9.52,7.52,0,0,0,0,9.52,"October 29, 21",0
2021-11-01,9.52,9.52,9.52,9.52,7.52,0,0,0,0,9.52,"November 01, 21",0
2021-11-02,9.52,9.52,9.52,9.52,7.52,0,0,0,0,9.52,"November 02, 21",0
2021-11-03,9.52,9.52,9.52,9.52,7.52,0,0,0,0,9.52,"November 03, 21",0
2021-11-04,9.52,9.52,9.52,9.52,7.52,0,0,0,0,9.52,"November 04, 21",0
2021-11-05,9.52,9.52,9.52,9.52,7.52,0,0,0,0,9.52,"November 05, 21",0
2021-11-08,9.52,9.52,9.52,9.52,7.52,0,0,0,0,9.52,"November 08, 21",0
2021-11-09,9.53,9.53,9.53,9.53,7.53,0,0,0,0,9.53,"November 09, 21",0
2021-11-10,9.52,9.52,9.52,9.52,7.52,0,0,0,0,9.52,"November 10, 21",0
2021-11-11,9.52,9.52,9.52,9.52,7.52,0,0,0,0,9.52,"November 11, 21",0
2021-11-12,9.52,9.52,9.52,9.52,7.52,0,0,0,0,9.52,"November 12, 21",0
2021-11-15,9.52,9.52,9.52,9.52,7.52,0,0,0,0,9.52,"November 15, 21",0
2021-11-16,9.52,9.52,9.52,9.52,7.52,0,0,0,0,9.52,"November 16, 21",0
2021-11-17,9.51,9.51,9.51,9.51,7.51,0,0,0,0,9.51,"November 17, 21",0
2021-11-18,9.51,9.51,9.51,9.51,7.51,0,0,0,0,9.51,"November 18, 21",0
2021-11-19,9.5,9.5,9.5,9.5,7.5,0,0,0,0,9.5,"November 19, 21",0
2021-11-22,9.5,9.5,9.5,9.5,7.5,0,0,0,0,9.5,"November 22, 21",0
2021-11-23,9.5,9.5,9.5,9.5,7.5,0,0,0,0,9.5,"November 23, 21",0
2021-11-24,9.5,9.5,9.5,9.5,7.5,0,0,0,0,9.5,"November 24, 21",0
2021-11-26,9.48,9.48,9.48,9.48,7.49,0,0,0,0,9.48,"November 26, 21",0
2021-11-29,9.47,9.47,9.47,9.47,7.48,0,0,0,0,9.47,"November 29, 21",0
2021-11-30,9.45,9.45,9.45,9.45,7.48,0,0,0,0,9.45,"November 30, 21",0
2021-12-01,9.45,9.45,9.45,9.45,7.48,0,0,0,0,9.45,"December 01, 21",0
2021-12-02,9.45,9.45,9.45,9.45,7.48,0,0,0,0,9.45,"December 02, 21",0
2021-12-03,9.46,9.46,9.46,9.46,7.49,0,0,0,0,9.46,"December 03, 21",0
2021-12-06,9.47,9.47,9.47,9.47,7.5,0,0,0,0,9.47,"December 06, 21",0
2021-12-07,9.48,9.48,9.48,9.48,7.51,0,0,0,0,9.48,"December 07, 21",0
2021-12-08,9.49,9.49,9.49,9.49,7.51,0,0,0,0,9.49,"December 08, 21",0
2021-12-09,9.48,9.48,9.48,9.48,7.51,0,0,0,0,9.48,"December 09, 21",0
2021-12-10,9.48,9.48,9.48,9.48,7.51,0,0,0,0,9.48,"December 10, 21",0
2021-12-13,9.48,9.48,9.48,9.48,7.51,0,0,0,0,9.48,"December 13, 21",0
2021-12-14,9.48,9.48,9.48,9.48,7.51,0,0,0,0,9.48,"December 14, 21",0
2021-12-15,9.48,9.48,9.48,9.48,7.51,0,0,0,0,9.48,"December 15, 21",0
2021-12-16,9.48,9.48,9.48,9.48,7.51,0,0,0,0,9.48,"December 16, 21",0
2021-12-17,9.48,9.48,9.48,9.48,7.51,0,0,0,0,9.48,"December 17, 21",0
2021-12-20,9.47,9.47,9.47,9.47,7.5,0,0,0,0,9.47,"December 20, 21",0
2021-12-21,9.47,9.47,9.47,9.47,7.5,0,0,0,0,9.47,"December 21, 21",0
2021-12-22,9.46,9.46,9.46,9.46,7.5,0,0,0,0,9.46,"December 22, 21",0
2021-12-23,9.47,9.47,9.47,9.47,7.51,0,0,0,0,9.47,"December 23, 21",0
2021-12-27,9.47,9.47,9.47,9.47,7.51,0,0,0,0,9.47,"December 27, 21",0
2021-12-28,9.47,9.47,9.47,9.47,7.51,0,0,0,0,9.47,"December 28, 21",0
2021-12-29,9.47,9.47,9.47,9.47,7.51,0,0,0,0,9.47,"December 29, 21",0
2021-12-30,9.47,9.47,9.47,9.47,7.51,0,0,0,0,9.47,"December 30, 21",0
2021-12-31,9.47,9.47,9.47,9.47,7.53,0,0,0,0,9.47,"December 31, 21",0
2022-01-03,9.48,9.48,9.48,9.48,7.54,0,0,0,0,9.48,"January 03, 22",0
2022-01-04,9.49,9.49,9.49,9.49,7.54,0,0,0,0,9.49,"January 04, 22",0
2022-01-05,9.49,9.49,9.49,9.49,7.54,0,0,0,0,9.49,"January 05, 22",0
2022-01-06,9.49,9.49,9.49,9.49,7.54,0,0,0,0,9.49,"January 06, 22",0
2022-01-07,9.49,9.49,9.49,9.49,7.54,0,0,0,0,9.49,"January 07, 22",0
2022-01-10,9.49,9.49,9.49,9.49,7.54,0,0,0,0,9.49,"January 10, 22",0
2022-01-11,9.5,9.5,9.5,9.5,7.55,0,0,0,0,9.5,"January 11, 22",0
2022-01-12,9.51,9.51,9.51,9.51,7.56,0,0,0,0,9.51,"January 12, 22",0
2022-01-13,9.51,9.51,9.51,9.51,7.56,0,0,0,0,9.51,"January 13, 22",0
2022-01-14,9.51,9.51,9.51,9.51,7.56,0,0,0,0,9.51,"January 14, 22",0
2022-01-18,9.51,9.51,9.51,9.51,7.56,0,0,0,0,9.51,"January 18, 22",0
2022-01-19,9.51,9.51,9.51,9.51,7.56,0,0,0,0,9.51,"January 19, 22",0
2022-01-20,9.51,9.51,9.51,9.51,7.56,0,0,0,0,9.51,"January 20, 22",0
2022-01-21,9.51,9.51,9.51,9.51,7.56,0,0,0,0,9.51,"January 21, 22",0
2022-01-24,9.5,9.5,9.5,9.5,7.55,0,0,0,0,9.5,"January 24, 22",0
2022-01-25,9.49,9.49,9.49,9.49,7.54,0,0,0,0,9.49,"January 25, 22",0
2022-01-26,9.49,9.49,9.49,9.49,7.54,0,0,0,0,9.49,"January 26, 22",0
2022-01-27,9.49,9.49,9.49,9.49,7.54,0,0,0,0,9.49,"January 27, 22",0
2022-01-28,9.47,9.47,9.47,9.47,7.53,0,0,0,0,9.47,"January 28, 22",0
2022-01-31,9.47,9.47,9.47,9.47,7.55,0,0,0,0,9.47,"January 31, 22",0
2022-02-01,9.48,9.48,9.48,9.48,7.56,0,0,0,0,9.48,"February 01, 22",0
2022-02-02,9.48,9.48,9.48,9.48,7.56,0,0,0,0,9.48,"February 02, 22",0
2022-02-03,9.48,9.48,9.48,9.48,7.56,0,0,0,0,9.48,"February 03, 22",0
2022-02-04,9.47,9.47,9.47,9.47,7.55,0,0,0,0,9.47,"February 04, 22",0
2022-02-07,9.47,9.47,9.47,9.47,7.55,0,0,0,0,9.47,"February 07, 22",0
2022-02-08,9.47,9.47,9.47,9.47,7.55,0,0,0,0,9.47,"February 08, 22",0
2022-02-09,9.47,9.47,9.47,9.47,7.55,0,0,0,0,9.47,"February 09, 22",0
2022-02-10,9.46,9.46,9.46,9.46,7.54,0,0,0,0,9.46,"February 10, 22",0
2022-02-11,9.45,9.45,9.45,9.45,7.53,0,0,0,0,9.45,"February 11, 22",0
2022-02-14,9.43,9.43,9.43,9.43,7.52,0,0,0,0,9.43,"February 14, 22",0
2022-02-15,9.44,9.44,9.44,9.44,7.52,0,0,0,0,9.44,"February 15, 22",0
2022-02-16,9.43,9.43,9.43,9.43,7.52,0,0,0,0,9.43,"February 16, 22",0
2022-02-17,9.42,9.42,9.42,9.42,7.51,0,0,0,0,9.42,"February 17, 22",0
2022-02-18,9.41,9.41,9.41,9.41,7.5,0,0,0,0,9.41,"February 18, 22",0
2022-02-22,9.41,9.41,9.41,9.41,7.5,0,0,0,0,9.41,"February 22, 22",0
2022-02-23,9.4,9.4,9.4,9.4,7.49,0,0,0,0,9.4,"February 23, 22",0
2022-02-24,9.37,9.37,9.37,9.37,7.47,0,0,0,0,9.37,"February 24, 22",0
2022-02-25,9.4,9.4,9.4,9.4,7.49,0,0,0,0,9.4,"February 25, 22",0
2022-02-28,9.4,9.4,9.4,9.4,7.51,0,0,0,0,9.4,"February 28, 22",0
2022-03-01,9.4,9.4,9.4,9.4,7.51,0,0,0,0,9.4,"March 01, 22",0
2022-03-02,9.4,9.4,9.4,9.4,7.51,0,0,0,0,9.4,"March 02, 22",0
2022-03-03,9.4,9.4,9.4,9.4,7.51,0,0,0,0,9.4,"March 03, 22",0
2022-03-04,9.39,9.39,9.39,9.39,7.5,0,0,0,0,9.39,"March 04, 22",0
2022-03-07,9.36,9.36,9.36,9.36,7.48,0,0,0,0,9.36,"March 07, 22",0
2022-03-08,9.32,9.32,9.32,9.32,7.44,0,0,0,0,9.32,"March 08, 22",0
2022-03-09,9.32,9.32,9.32,9.32,7.44,0,0,0,0,9.32,"March 09, 22",0
2022-03-10,9.3,9.3,9.3,9.3,7.43,0,0,0,0,9.3,"March 10, 22",0
2022-03-11,9.29,9.29,9.29,9.29,7.42,0,0,0,0,9.29,"March 11, 22",0
2022-03-14,9.25,9.25,9.25,9.25,7.39,0,0,0,0,9.25,"March 14, 22",0
2022-03-15,9.21,9.21,9.21,9.21,7.36,0,0,0,0,9.21,"March 15, 22",0
2022-03-16,9.27,9.27,9.27,9.27,7.4,0,0,0,0,9.27,"March 16, 22",0
2022-03-17,9.29,9.29,9.29,9.29,7.42,0,0,0,0,9.29,"March 17, 22",0
2022-03-18,9.31,9.31,9.31,9.31,7.44,0,0,0,0,9.31,"March 18, 22",0
2022-03-21,9.34,9.34,9.34,9.34,7.46,0,0,0,0,9.34,"March 21, 22",0
2022-03-22,9.35,9.35,9.35,9.35,7.47,0,0,0,0,9.35,"March 22, 22",0
2022-03-23,9.36,9.36,9.36,9.36,7.48,0,0,0,0,9.36,"March 23, 22",0
2022-03-24,9.35,9.35,9.35,9.35,7.47,0,0,0,0,9.35,"March 24, 22",0
2022-03-25,9.36,9.36,9.36,9.36,7.48,0,0,0,0,9.36,"March 25, 22",0
2022-03-28,9.36,9.36,9.36,9.36,7.48,0,0,0,0,9.36,"March 28, 22",0
2022-03-29,9.38,9.38,9.38,9.38,7.49,0,0,0,0,9.38,"March 29, 22",0
2022-03-30,9.39,9.39,9.39,9.39,7.5,0,0,0,0,9.39,"March 30, 22",0
2022-03-31,9.4,9.4,9.4,9.4,7.53,0,0,0,0,9.4,"March 31, 22",0
2022-04-01,9.42,9.42,9.42,9.42,7.55,0,0,0,0,9.42,"April 01, 22",0
2022-04-04,9.43,9.43,9.43,9.43,7.55,0,0,0,0,9.43,"April 04, 22",0
2022-04-05,9.44,9.44,9.44,9.44,7.56,0,0,0,0,9.44,"April 05, 22",0
2022-04-06,9.44,9.44,9.44,9.44,7.56,0,0,0,0,9.44,"April 06, 22",0
2022-04-07,9.44,9.44,9.44,9.44,7.56,0,0,0,0,9.44,"April 07, 22",0
2022-04-08,9.44,9.44,9.44,9.44,7.56,0,0,0,0,9.44,"April 08, 22",0
2022-04-11,9.43,9.43,9.43,9.43,7.55,0,0,0,0,9.43,"April 11, 22",0
2022-04-12,9.43,9.43,9.43,9.43,7.55,0,0,0,0,9.43,"April 12, 22",0
2022-04-13,9.43,9.43,9.43,9.43,7.55,0,0,0,0,9.43,"April 13, 22",0
2022-04-14,9.43,9.43,9.43,9.43,7.55,0,0,0,0,9.43,"April 14, 22",0
2022-04-18,9.42,9.42,9.42,9.42,7.55,0,0,0,0,9.42,"April 18, 22",0
2022-04-19,9.42,9.42,9.42,9.42,7.55,0,0,0,0,9.42,"April 19, 22",0
2022-04-20,9.42,9.42,9.42,9.42,7.55,0,0,0,0,9.42,"April 20, 22",0
2022-04-21,9.42,9.42,9.42,9.42,7.55,0,0,0,0,9.42,"April 21, 22",0
2022-04-22,9.41,9.41,9.41,9.41,7.54,0,0,0,0,9.41,"April 22, 22",0
2022-04-25,9.4,9.4,9.4,9.4,7.53,0,0,0,0,9.4,"April 25, 22",0
2022-04-26,9.39,9.39,9.39,9.39,7.52,0,0,0,0,9.39,"April 26, 22",0
2022-04-27,9.38,9.38,9.38,9.38,7.51,0,0,0,0,9.38,"April 27, 22",0
2022-04-28,9.38,9.38,9.38,9.38,7.51,0,0,0,0,9.38,"April 28, 22",0
2022-04-29,9.36,9.36,9.36,9.36,7.52,0,0,0,0,9.36,"April 29, 22",0
2022-05-02,9.34,9.34,9.34,9.34,7.5,0,0,0,0,9.34,"May 02, 22",0
2022-05-03,9.34,9.34,9.34,9.34,7.5,0,0,0,0,9.34,"May 03, 22",0
2022-05-04,9.34,9.34,9.34,9.34,7.5,0,0,0,0,9.34,"May 04, 22",0
2022-05-05,9.33,9.33,9.33,9.33,7.49,0,0,0,0,9.33,"May 05, 22",0
2022-05-06,9.31,9.31,9.31,9.31,7.48,0,0,0,0,9.31,"May 06, 22",0
2022-05-09,9.25,9.25,9.25,9.25,7.43,0,0,0,0,9.25,"May 09, 22",0
2022-05-10,9.22,9.22,9.22,9.22,7.41,0,0,0,0,9.22,"May 10, 22",0
2022-05-11,9.2,9.2,9.2,9.2,7.39,0,0,0,0,9.2,"May 11, 22",0
2022-05-12,9.12,9.12,9.12,9.12,7.33,0,0,0,0,9.12,"May 12, 22",0
2022-05-13,9.14,9.14,9.14,9.14,7.34,0,0,0,0,9.14,"May 13, 22",0
2022-05-16,9.15,9.15,9.15,9.15,7.35,0,0,0,0,9.15,"May 16, 22",0
2022-05-17,9.17,9.17,9.17,9.17,7.37,0,0,0,0,9.17,"May 17, 22",0
2022-05-18,9.14,9.14,9.14,9.14,7.34,0,0,0,0,9.14,"May 18, 22",0
2022-05-19,9.1,9.1,9.1,9.1,7.31,0,0,0,0,9.1,"May 19, 22",0
2022-05-20,9.1,9.1,9.1,9.1,7.31,0,0,0,0,9.1,"May 20, 22",0
2022-05-23,9.1,9.1,9.1,9.1,7.31,0,0,0,0,9.1,"May 23, 22",0
2022-05-24,9.06,9.06,9.06,9.06,7.28,0,0,0,0,9.06,"May 24, 22",0
2022-05-25,9.05,9.05,9.05,9.05,7.27,0,0,0,0,9.05,"May 25, 22",0
2022-05-26,9.09,9.09,9.09,9.09,7.3,0,0,0,0,9.09,"May 26, 22",0
2022-05-27,9.11,9.11,9.11,9.11,7.32,0,0,0,0,9.11,"May 27, 22",0
2022-05-31,9.12,9.12,9.12,9.12,7.35,0,0,0,0,9.12,"May 31, 22",0
2022-06-01,9.14,9.14,9.14,9.14,7.37,0,0,0,0,9.14,"June 01, 22",0
2022-06-02,9.17,9.17,9.17,9.17,7.39,0,0,0,0,9.17,"June 02, 22",0
2022-06-03,9.17,9.17,9.17,9.17,7.39,0,0,0,0,9.17,"June 03, 22",0
2022-06-06,9.18,9.18,9.18,9.18,7.4,0,0,0,0,9.18,"June 06, 22",0
2022-06-07,9.18,9.18,9.18,9.18,7.4,0,0,0,0,9.18,"June 07, 22",0
2022-06-08,9.18,9.18,9.18,9.18,7.4,0,0,0,0,9.18,"June 08, 22",0
2022-06-09,9.18,9.18,9.18,9.18,7.4,0,0,0,0,9.18,"June 09, 22",0
2022-06-10,9.15,9.15,9.15,9.15,7.37,0,0,0,0,9.15,"June 10, 22",0
2022-06-13,9.07,9.07,9.07,9.07,7.31,0,0,0,0,9.07,"June 13, 22",0
2022-06-14,9.05,9.05,9.05,9.05,7.29,0,0,0,0,9.05,"June 14, 22",0
2022-06-15,9.06,9.06,9.06,9.06,7.3,0,0,0,0,9.06,"June 15, 22",0
2022-06-16,9.01,9.01,9.01,9.01,7.26,0,0,0,0,9.01,"June 16, 22",0
2022-06-17,8.99,8.99,8.99,8.99,7.24,0,0,0,0,8.99,"June 17, 22",0
2022-06-21,8.99,8.99,8.99,8.99,7.24,0,0,0,0,8.99,"June 21, 22",0
2022-06-22,8.97,8.97,8.97,8.97,7.23,0,0,0,0,8.97,"June 22, 22",0
2022-06-23,8.96,8.96,8.96,8.96,7.22,0,0,0,0,8.96,"June 23, 22",0
2022-06-24,8.96,8.96,8.96,8.96,7.22,0,0,0,0,8.96,"June 24, 22",0
2022-06-27,8.96,8.96,8.96,8.96,7.22,0,0,0,0,8.96,"June 27, 22",0
2022-06-28,8.95,8.95,8.95,8.95,7.21,0,0,0,0,8.95,"June 28, 22",0
2022-06-29,8.92,8.92,8.92,8.92,7.19,0,0,0,0,8.92,"June 29, 22",0
2022-06-30,8.87,8.87,8.87,8.87,7.17,0,0,0,0,8.87,"June 30, 22",0
2022-07-01,8.86,8.86,8.86,8.86,7.16,0,0,0,0,8.86,"July 01, 22",0
2022-07-05,8.84,8.84,8.84,8.84,7.15,0,0,0,0,8.84,"July 05, 22",0
2022-07-06,8.83,8.83,8.83,8.83,7.14,0,0,0,0,8.83,"July 06, 22",0
2022-07-07,8.85,8.85,8.85,8.85,7.16,0,0,0,0,8.85,"July 07, 22",0
2022-07-08,8.86,8.86,8.86,8.86,7.16,0,0,0,0,8.86,"July 08, 22",0
2022-07-11,8.87,8.87,8.87,8.87,7.17,0,0,0,0,8.87,"July 11, 22",0
2022-07-12,8.87,8.87,8.87,8.87,7.17,0,0,0,0,8.87,"July 12, 22",0
2022-07-13,8.88,8.88,8.88,8.88,7.18,0,0,0,0,8.88,"July 13, 22",0
2022-07-14,8.87,8.87,8.87,8.87,7.17,0,0,0,0,8.87,"July 14, 22",0
2022-07-15,8.89,8.89,8.89,8.89,7.19,0,0,0,0,8.89,"July 15, 22",0
2022-07-18,8.92,8.92,8.92,8.92,7.21,0,0,0,0,8.92,"July 18, 22",0
2022-07-19,8.95,8.95,8.95,8.95,7.24,0,0,0,0,8.95,"July 19, 22",0
2022-07-20,8.99,8.99,8.99,8.99,7.27,0,0,0,0,8.99,"July 20, 22",0
2022-07-21,9.01,9.01,9.01,9.01,7.29,0,0,0,0,9.01,"July 21, 22",0
2022-07-22,9.03,9.03,9.03,9.03,7.3,0,0,0,0,9.03,"July 22, 22",0
2022-07-25,9.04,9.04,9.04,9.04,7.31,0,0,0,0,9.04,"July 25, 22",0
2022-07-26,9.04,9.04,9.04,9.04,7.31,0,0,0,0,9.04,"July 26, 22",0
2022-07-27,9.03,9.03,9.03,9.03,7.3,0,0,0,0,9.03,"July 27, 22",0
2022-07-28,9.04,9.04,9.04,9.04,7.31,0,0,0,0,9.04,"July 28, 22",0
2022-07-29,9.04,9.04,9.04,9.04,7.34,0,0,0,0,9.04,"July 29, 22",0
2022-08-01,9.04,9.04,9.04,9.04,7.34,0,0,0,0,9.04,"August 01, 22",0
2022-08-02,9.05,9.05,9.05,9.05,7.35,0,0,0,0,9.05,"August 02, 22",0
2022-08-03,9.06,9.06,9.06,9.06,7.36,0,0,0,0,9.06,"August 03, 22",0
2022-08-04,9.08,9.08,9.08,9.08,7.37,0,0,0,0,9.08,"August 04, 22",0
2022-08-05,9.11,9.11,9.11,9.11,7.4,0,0,0,0,9.11,"August 05, 22",0
2022-08-08,9.14,9.14,9.14,9.14,7.42,0,0,0,0,9.14,"August 08, 22",0
2022-08-09,9.16,9.16,9.16,9.16,7.44,0,0,0,0,9.16,"August 09, 22",0
2022-08-10,9.18,9.18,9.18,9.18,7.46,0,0,0,0,9.18,"August 10, 22",0
2022-08-11,9.2,9.2,9.2,9.2,7.47,0,0,0,0,9.2,"August 11, 22",0
2022-08-12,9.21,9.21,9.21,9.21,7.48,0,0,0,0,9.21,"August 12, 22",0
2022-08-15,9.21,9.21,9.21,9.21,7.48,0,0,0,0,9.21,"August 15, 22",0
2022-08-16,9.21,9.21,9.21,9.21,7.48,0,0,0,0,9.21,"August 16, 22",0
2022-08-17,9.2,9.2,9.2,9.2,7.47,0,0,0,0,9.2,"August 17, 22",0
2022-08-18,9.2,9.2,9.2,9.2,7.47,0,0,0,0,9.2,"August 18, 22",0
2022-08-19,9.18,9.18,9.18,9.18,7.46,0,0,0,0,9.18,"August 19, 22",0
2022-08-22,9.15,9.15,9.15,9.15,7.43,0,0,0,0,9.15,"August 22, 22",0
2022-08-23,9.15,9.15,9.15,9.15,7.43,0,0,0,0,9.15,"August 23, 22",0
2022-08-24,9.15,9.15,9.15,9.15,7.43,0,0,0,0,9.15,"August 24, 22",0
2022-08-25,9.16,9.16,9.16,9.16,7.44,0,0,0,0,9.16,"August 25, 22",0
2022-08-26,9.16,9.16,9.16,9.16,7.44,0,0,0,0,9.16,"August 26, 22",0
2022-08-29,9.15,9.15,9.15,9.15,7.43,0,0,0,0,9.15,"August 29, 22",0
2022-08-30,9.15,9.15,9.15,9.15,7.43,0,0,0,0,9.15,"August 30, 22",0
2022-08-31,9.15,9.15,9.15,9.15,7.47,0,0,0,0,9.15,"August 31, 22",0
2022-09-01,9.12,9.12,9.12,9.12,7.44,0,0,0,0,9.12,"September 01, 22",0
2022-09-02,9.12,9.12,9.12,9.12,7.44,0,0,0,0,9.12,"September 02, 22",0
2022-09-06,9.11,9.11,9.11,9.11,7.43,0,0,0,0,9.11,"September 06, 22",0
2022-09-07,9.1,9.1,9.1,9.1,7.42,0,0,0,0,9.1,"September 07, 22",0
2022-09-08,9.11,9.11,9.11,9.11,7.43,0,0,0,0,9.11,"September 08, 22",0
2022-09-09,9.13,9.13,9.13,9.13,7.45,0,0,0,0,9.13,"September 09, 22",0
2022-09-12,9.14,9.14,9.14,9.14,7.46,0,0,0,0,9.14,"September 12, 22",0
2022-09-13,9.12,9.12,9.12,9.12,7.44,0,0,0,0,9.12,"September 13, 22",0
2022-09-14,9.12,9.12,9.12,9.12,7.44,0,0,0,0,9.12,"September 14, 22",0
2022-09-15,9.11,9.11,9.11,9.11,7.43,0,0,0,0,9.11,"September 15, 22",0
2022-09-16,9.09,9.09,9.09,9.09,7.42,0,0,0,0,9.09,"September 16, 22",0
2022-09-19,9.08,9.08,9.08,9.08,7.41,0,0,0,0,9.08,"September 19, 22",0
2022-09-20,9.07,9.07,9.07,9.07,7.4,0,0,0,0,9.07,"September 20, 22",0
2022-09-21,9.06,9.06,9.06,9.06,7.39,0,0,0,0,9.06,"September 21, 22",0
2022-09-22,9.04,9.04,9.04,9.04,7.38,0,0,0,0,9.04,"September 22, 22",0
2022-09-23,8.99,8.99,8.99,8.99,7.33,0,0,0,0,8.99,"September 23, 22",0
2022-09-26,8.95,8.95,8.95,8.95,7.3,0,0,0,0,8.95,"September 26, 22",0
2022-09-27,8.94,8.94,8.94,8.94,7.29,0,0,0,0,8.94,"September 27, 22",0
2022-09-28,8.92,8.92,8.92,8.92,7.28,0,0,0,0,8.92,"September 28, 22",0
2022-09-29,8.9,8.9,8.9,8.9,7.26,0,0,0,0,8.9,"September 29, 22",0
2022-09-30,8.9,8.9,8.9,8.9,7.3,0,0,0,0,8.9,"September 30, 22",0
2022-10-03,8.91,8.91,8.91,8.91,7.3,0,0,0,0,8.91,"October 03, 22",0
2022-10-04,8.97,8.97,8.97,8.97,7.35,0,0,0,0,8.97,"October 04, 22",0
2022-10-05,8.98,8.98,8.98,8.98,7.36,0,0,0,0,8.98,"October 05, 22",0
2022-10-06,8.98,8.98,8.98,8.98,7.36,0,0,0,0,8.98,"October 06, 22",0
2022-10-07,8.98,8.98,8.98,8.98,7.36,0,0,0,0,8.98,"October 07, 22",0
2022-10-10,8.97,8.97,8.97,8.97,7.35,0,0,0,0,8.97,"October 10, 22",0
2022-10-11,8.96,8.96,8.96,8.96,7.35,0,0,0,0,8.96,"October 11, 22",0
2022-10-12,8.95,8.95,8.95,8.95,7.34,0,0,0,0,8.95,"October 12, 22",0
2022-10-13,8.94,8.94,8.94,8.94,7.33,0,0,0,0,8.94,"October 13, 22",0
2022-10-14,8.93,8.93,8.93,8.93,7.32,0,0,0,0,8.93,"October 14, 22",0
2022-10-17,8.94,8.94,8.94,8.94,7.33,0,0,0,0,8.94,"October 17, 22",0
2022-10-18,8.96,8.96,8.96,8.96,7.35,0,0,0,0,8.96,"October 18, 22",0
2022-10-19,8.96,8.96,8.96,8.96,7.35,0,0,0,0,8.96,"October 19, 22",0
2022-10-20,8.96,8.96,8.96,8.96,7.35,0,0,0,0,8.96,"October 20, 22",0
2022-10-21,8.95,8.95,8.95,8.95,7.34,0,0,0,0,8.95,"October 21, 22",0
2022-10-24,8.94,8.94,8.94,8.94,7.33,0,0,0,0,8.94,"October 24, 22",0
2022-10-25,8.94,8.94,8.94,8.94,7.33,0,0,0,0,8.94,"October 25, 22",0
2022-10-26,8.94,8.94,8.94,8.94,7.33,0,0,0,0,8.94,"October 26, 22",0
2022-10-27,8.94,8.94,8.94,8.94,7.33,0,0,0,0,8.94,"October 27, 22",0
2022-10-28,8.95,8.95,8.95,8.95,7.34,0,0,0,0,8.95,"October 28, 22",0
2022-10-31,8.96,8.96,8.96,8.96,7.39,0,0,0,0,8.96,"October 31, 22",0
2022-11-01,8.98,8.98,8.98,8.98,7.4,0,0,0,0,8.98,"November 01, 22",0
2022-11-02,8.99,8.99,8.99,8.99,7.41,0,0,0,0,8.99,"November 02, 22",0
2022-11-03,8.98,8.98,8.98,8.98,7.4,0,0,0,0,8.98,"November 03, 22",0
2022-11-04,8.99,8.99,8.99,8.99,7.41,0,0,0,0,8.99,"November 04, 22",0
2022-11-07,9.0,9.0,9.0,9.0,7.42,0,0,0,0,9.0,"November 07, 22",0
2022-11-08,9.01,9.01,9.01,9.01,7.43,0,0,0,0,9.01,"November 08, 22",0
2022-11-09,9.0,9.0,9.0,9.0,7.42,0,0,0,0,9.0,"November 09, 22",0
2022-11-10,9.03,9.03,9.03,9.03,7.44,0,0,0,0,9.03,"November 10, 22",0
2022-11-11,9.03,9.03,9.03,9.03,7.44,0,0,0,0,9.03,"November 11, 22",0
2022-11-14,9.04,9.04,9.04,9.04,7.45,0,0,0,0,9.04,"November 14, 22",0
2022-11-15,9.05,9.05,9.05,9.05,7.46,0,0,0,0,9.05,"November 15, 22",0
2022-11-16,9.05,9.05,9.05,9.05,7.46,0,0,0,0,9.05,"November 16, 22",0
2022-11-17,9.04,9.04,9.04,9.04,7.45,0,0,0,0,9.04,"November 17, 22",0
2022-11-18,9.03,9.03,9.03,9.03,7.44,0,0,0,0,9.03,"November 18, 22",0
2022-11-21,9.03,9.03,9.03,9.03,7.44,0,0,0,0,9.03,"November 21, 22",0
2022-11-22,9.03,9.03,9.03,9.03,7.44,0,0,0,0,9.03,"November 22, 22",0
2022-11-23,9.03,9.03,9.03,9.03,7.44,0,0,0,0,9.03,"November 23, 22",0
2022-11-25,9.03,9.03,9.03,9.03,7.44,0,0,0,0,9.03,"November 25, 22",0
2022-11-28,9.02,9.02,9.02,9.02,7.44,0,0,0,0,9.02,"November 28, 22",0
2022-11-29,9.02,9.02,9.02,9.02,7.44,0,0,0,0,9.02,"November 29, 22",0
2022-11-30,9.03,9.03,9.03,9.03,7.49,0,0,0,0,9.03,"November 30, 22",0
2022-12-01,9.03,9.03,9.03,9.03,7.49,0,0,0,0,9.03,"December 01, 22",0
2022-12-02,9.04,9.04,9.04,9.04,7.5,0,0,0,0,9.04,"December 02, 22",0
2022-12-05,9.03,9.03,9.03,9.03,7.49,0,0,0,0,9.03,"December 05, 22",0
2022-12-06,9.02,9.02,9.02,9.02,7.48,0,0,0,0,9.02,"December 06, 22",0
2022-12-07,9.02,9.02,9.02,9.02,7.48,0,0,0,0,9.02,"December 07, 22",0
2022-12-08,9.02,9.02,9.02,9.02,7.48,0,0,0,0,9.02,"December 08, 22",0
2022-12-09,9.01,9.01,9.01,9.01,7.47,0,0,0,0,9.01,"December 09, 22",0
2022-12-12,9.01,9.01,9.01,9.01,7.47,0,0,0,0,9.01,"December 12, 22",0
2022-12-13,9.03,9.03,9.03,9.03,7.49,0,0,0,0,9.03,"December 13, 22",0
2022-12-14,9.03,9.03,9.03,9.03,7.49,0,0,0,0,9.03,"December 14, 22",0
2022-12-15,9.02,9.02,9.02,9.02,7.48,0,0,0,0,9.02,"December 15, 22",0
2022-12-16,9.01,9.01,9.01,9.01,7.47,0,0,0,0,9.01,"December 16, 22",0
2022-12-19,9.0,9.0,9.0,9.0,7.46,0,0,0,0,9.0,"December 19, 22",0
2022-12-20,9.0,9.0,9.0,9.0,7.46,0,0,0,0,9.0,"December 20, 22",0
2022-12-21,9.0,9.0,9.0,9.0,7.46,0,0,0,0,9.0,"December 21, 22",0
2022-12-22,8.98,8.98,8.98,8.98,7.46,0,0,0,0,8.98,"December 22, 22",0
2022-12-23,8.99,8.99,8.99,8.99,7.47,0,0,0,0,8.99,"December 23, 22",0
2022-12-27,8.99,8.99,8.99,8.99,7.47,0,0,0,0,8.99,"December 27, 22",0
2022-12-28,8.98,8.98,8.98,8.98,7.46,0,0,0,0,8.98,"December 28, 22",0
2022-12-29,8.98,8.98,8.98,8.98,7.46,0,0,0,0,8.98,"December 29, 22",0
2022-12-30,8.98,8.98,8.98,8.98,7.51,0,0,0,0,8.98,"December 30, 22",0
2023-01-03,8.98,8.98,8.98,8.98,7.51,0,0,0,0,8.98,"January 03, 23",0
2023-01-04,9.0,9.0,9.0,9.0,7.52,0,0,0,0,9.0,"January 04, 23",0
2023-01-05,9.01,9.01,9.01,9.01,7.53,0,0,0,0,9.01,"January 05, 23",0
2023-01-06,9.04,9.04,9.04,9.04,7.56,0,0,0,0,9.04,"January 06, 23",0
2023-01-09,9.07,9.07,9.07,9.07,7.58,0,0,0,0,9.07,"January 09, 23",0
2023-01-10,9.08,9.08,9.08,9.08,7.59,0,0,0,0,9.08,"January 10, 23",0
2023-01-11,9.09,9.09,9.09,9.09,7.6,0,0,0,0,9.09,"January 11, 23",0
2023-01-12,9.11,9.11,9.11,9.11,7.62,0,0,0,0,9.11,"January 12, 23",0
2023-01-13,9.11,9.11,9.11,9.11,7.62,0,0,0,0,9.11,"January 13, 23",0
2023-01-17,9.12,9.12,9.12,9.12,7.62,0,0,0,0,9.12,"January 17, 23",0
2023-01-18,9.13,9.13,9.13,9.13,7.63,0,0,0,0,9.13,"January 18, 23",0
2023-01-19,9.12,9.12,9.12,9.12,7.62,0,0,0,0,9.12,"January 19, 23",0
2023-01-20,9.12,9.12,9.12,9.12,7.62,0,0,0,0,9.12,"January 20, 23",0
2023-01-23,9.13,9.13,9.13,9.13,7.63,0,0,0,0,9.13,"January 23, 23",0
2023-01-24,9.13,9.13,9.13,9.13,7.63,0,0,0,0,9.13,"January 24, 23",0
2023-01-25,9.13,9.13,9.13,9.13,7.63,0,0,0,0,9.13,"January 25, 23",0
2023-01-26,9.14,9.14,9.14,9.14,7.64,0,0,0,0,9.14,"January 26, 23",0
2023-01-27,9.14,9.14,9.14,9.14,7.64,0,0,0,0,9.14,"January 27, 23",0
2023-01-30,9.14,9.14,9.14,9.14,7.64,0,0,0,0,9.14,"January 30, 23",0
2023-01-31,9.14,9.14,9.14,9.14,7.69,0,0,0,0,9.14,"January 31, 23",0
2023-02-01,9.14,9.14,9.14,9.14,7.69,0,0,0,0,9.14,"February 01, 23",0
2023-02-02,9.16,9.16,9.16,9.16,7.71,0,0,0,0,9.16,"February 02, 23",0
2023-02-03,9.16,9.16,9.16,9.16,7.71,0,0,0,0,9.16,"February 03, 23",0
2023-02-06,9.16,9.16,9.16,9.16,7.71,0,0,0,0,9.16,"February 06, 23",0
2023-02-07,9.17,9.17,9.17,9.17,7.72,0,0,0,0,9.17,"February 07, 23",0
2023-02-08,9.17,9.17,9.17,9.17,7.72,0,0,0,0,9.17,"February 08, 23",0
2023-02-09,9.17,9.17,9.17,9.17,7.72,0,0,0,0,9.17,"February 09, 23",0
2023-02-10,9.17,9.17,9.17,9.17,7.72,0,0,0,0,9.17,"February 10, 23",0
2023-02-13,9.17,9.17,9.17,9.17,7.72,0,0,0,0,9.17,"February 13, 23",0
2023-02-14,9.17,9.17,9.17,9.17,7.72,0,0,0,0,9.17,"February 14, 23",0
2023-02-15,9.16,9.16,9.16,9.16,7.71,0,0,0,0,9.16,"February 15, 23",0
2023-02-16,9.16,9.16,9.16,9.16,7.71,0,0,0,0,9.16,"February 16, 23",0
2023-02-17,9.14,9.14,9.14,9.14,7.69,0,0,0,0,9.14,"February 17, 23",0
2023-02-21,9.12,9.12,9.12,9.12,7.67,0,0,0,0,9.12,"February 21, 23",0
2023-02-22,9.11,9.11,9.11,9.11,7.67,0,0,0,0,9.11,"February 22, 23",0
2023-02-23,9.12,9.12,9.12,9.12,7.67,0,0,0,0,9.12,"February 23, 23",0
2023-02-24,9.13,9.13,9.13,9.13,7.68,0,0,0,0,9.13,"February 24, 23",0
2023-02-27,9.13,9.13,9.13,9.13,7.68,0,0,0,0,9.13,"February 27, 23",0
2023-02-28,9.13,9.13,9.13,9.13,7.73,0,0,0,0,9.13,"February 28, 23",0
2023-03-01,9.13,9.13,9.13,9.13,7.73,0,0,0,0,9.13,"March 01, 23",0
2023-03-02,9.13,9.13,9.13,9.13,7.73,0,0,0,0,9.13,"March 02, 23",0
2023-03-03,9.14,9.14,9.14,9.14,7.74,0,0,0,0,9.14,"March 03, 23",0
2023-03-06,9.14,9.14,9.14,9.14,7.74,0,0,0,0,9.14,"March 06, 23",0
2023-03-07,9.14,9.14,9.14,9.14,7.74,0,0,0,0,9.14,"March 07, 23",0
2023-03-08,9.14,9.14,9.14,9.14,7.74,0,0,0,0,9.14,"March 08, 23",0
2023-03-09,9.14,9.14,9.14,9.14,7.74,0,0,0,0,9.14,"March 09, 23",0
2023-03-10,9.12,9.12,9.12,9.12,7.72,0,0,0,0,9.12,"March 10, 23",0
2023-03-13,9.06,9.06,9.06,9.06,7.67,0,0,0,0,9.06,"March 13, 23",0
2023-03-14,9.08,9.08,9.08,9.08,7.69,0,0,0,0,9.08,"March 14, 23",0
2023-03-15,9.02,9.02,9.02,9.02,7.64,0,0,0,0,9.02,"March 15, 23",0
2023-03-16,9.02,9.02,9.02,9.02,7.64,0,0,0,0,9.02,"March 16, 23",0
2023-03-17,9.01,9.01,9.01,9.01,7.63,0,0,0,0,9.01,"March 17, 23",0
2023-03-20,8.99,8.99,8.99,8.99,7.61,0,0,0,0,8.99,"March 20, 23",0
2023-03-21,9.0,9.0,9.0,9.0,7.62,0,0,0,0,9.0,"March 21, 23",0
2023-03-22,9.0,9.0,9.0,9.0,7.62,0,0,0,0,9.0,"March 22, 23",0
2023-03-23,9.01,9.01,9.01,9.01,7.63,0,0,0,0,9.01,"March 23, 23",0
2023-03-24,9.0,9.0,9.0,9.0,7.62,0,0,0,0,9.0,"March 24, 23",0
2023-03-27,9.02,9.02,9.02,9.02,7.64,0,0,0,0,9.02,"March 27, 23",0
2023-03-28,9.02,9.02,9.02,9.02,7.64,0,0,0,0,9.02,"March 28, 23",0
2023-03-29,9.05,9.05,9.05,9.05,7.66,0,0,0,0,9.05,"March 29, 23",0
2023-03-30,9.07,9.07,9.07,9.07,7.68,0,0,0,0,9.07,"March 30, 23",0
2023-03-31,9.08,9.08,9.08,9.08,7.74,0,0,0,0,9.08,"March 31, 23",0
2023-04-03,9.1,9.1,9.1,9.1,7.76,0,0,0,0,9.1,"April 03, 23",0
2023-04-04,9.1,9.1,9.1,9.1,7.76,0,0,0,0,9.1,"April 04, 23",0
2023-04-05,9.1,9.1,9.1,9.1,7.76,0,0,0,0,9.1,"April 05, 23",0
2023-04-06,9.1,9.1,9.1,9.1,7.76,0,0,0,0,9.1,"April 06, 23",0
2023-04-10,9.1,9.1,9.1,9.1,7.76,0,0,0,0,9.1,"April 10, 23",0
2023-04-11,9.1,9.1,9.1,9.1,7.76,0,0,0,0,9.1,"April 11, 23",0
2023-04-12,9.11,9.11,9.11,9.11,7.76,0,0,0,0,9.11,"April 12, 23",0
2023-04-13,9.12,9.12,9.12,9.12,7.77,0,0,0,0,9.12,"April 13, 23",0
2023-04-14,9.12,9.12,9.12,9.12,7.77,0,0,0,0,9.12,"April 14, 23",0
2023-04-17,9.12,9.12,9.12,9.12,7.77,0,0,0,0,9.12,"April 17, 23",0
2023-04-18,9.12,9.12,9.12,9.12,7.77,0,0,0,0,9.12,"April 18, 23",0
2023-04-19,9.12,9.12,9.12,9.12,7.77,0,0,0,0,9.12,"April 19, 23",0
2023-04-20,9.12,9.12,9.12,9.12,7.77,0,0,0,0,9.12,"April 20, 23",0
2023-04-21,9.12,9.12,9.12,9.12,7.77,0,0,0,0,9.12,"April 21, 23",0
2023-04-24,9.12,9.12,9.12,9.12,7.77,0,0,0,0,9.12,"April 24, 23",0
2023-04-25,9.11,9.11,9.11,9.11,7.76,0,0,0,0,9.11,"April 25, 23",0
2023-04-26,9.11,9.11,9.11,9.11,7.76,0,0,0,0,9.11,"April 26, 23",0
2023-04-27,9.11,9.11,9.11,9.11,7.76,0,0,0,0,9.11,"April 27, 23",0
2023-04-28,9.11,9.11,9.11,9.11,7.82,0,0,0,0,9.11,"April 28, 23",0
2023-05-01,9.11,9.11,9.11,9.11,7.82,0,0,0,0,9.11,"May 01, 23",0
2023-05-02,9.11,9.11,9.11,9.11,7.82,0,0,0,0,9.11,"May 02, 23",0
2023-05-03,9.1,9.1,9.1,9.1,7.81,0,0,0,0,9.1,"May 03, 23",0
2023-05-04,9.09,9.09,9.09,9.09,7.8,0,0,0,0,9.09,"May 04, 23",0
2023-05-05,9.09,9.09,9.09,9.09,7.8,0,0,0,0,9.09,"May 05, 23",0
2023-05-08,9.09,9.09,9.09,9.09,7.8,0,0,0,0,9.09,"May 08, 23",0
2023-05-09,9.09,9.09,9.09,9.09,7.8,0,0,0,0,9.09,"May 09, 23",0
2023-05-10,9.09,9.09,9.09,9.09,7.8,0,0,0,0,9.09,"May 10, 23",0
2023-05-11,9.08,9.08,9.08,9.08,7.79,0,0,0,0,9.08,"May 11, 23",0
2023-05-12,9.08,9.08,9.08,9.08,7.79,0,0,0,0,9.08,"May 12, 23",0
2023-05-15,9.08,9.08,9.08,9.08,7.79,0,0,0,0,9.08,"May 15, 23",0
2023-05-16,9.07,9.07,9.07,9.07,7.78,0,0,0,0,9.07,"May 16, 23",0
2023-05-17,9.06,9.06,9.06,9.06,7.78,0,0,0,0,9.06,"May 17, 23",0
2023-05-18,9.06,9.06,9.06,9.06,7.78,0,0,0,0,9.06,"May 18, 23",0
2023-05-19,9.06,9.06,9.06,9.06,7.78,0,0,0,0,9.06,"May 19, 23",0
2023-05-22,9.06,9.06,9.06,9.06,7.78,0,0,0,0,9.06,"May 22, 23",0
2023-05-23,9.05,9.05,9.05,9.05,7.77,0,0,0,0,9.05,"May 23, 23",0
2023-05-24,9.03,9.03,9.03,9.03,7.75,0,0,0,0,9.03,"May 24, 23",0
2023-05-25,9.03,9.03,9.03,9.03,7.75,0,0,0,0,9.03,"May 25, 23",0
2023-05-26,9.02,9.02,9.02,9.02,7.74,0,0,0,0,9.02,"May 26, 23",0
2023-05-30,9.02,9.02,9.02,9.02,7.74,0,0,0,0,9.02,"May 30, 23",0
2023-05-31,9.02,9.02,9.02,9.02,7.8,0,0,0,0,9.02,"May 31, 23",0
2023-06-01,9.02,9.02,9.02,9.02,7.8,0,0,0,0,9.02,"June 01, 23",0
2023-06-02,9.04,9.04,9.04,9.04,7.82,0,0,0,0,9.04,"June 02, 23",0
2023-06-05,9.05,9.05,9.05,9.05,7.82,0,0,0,0,9.05,"June 05, 23",0
2023-06-06,9.06,9.06,9.06,9.06,7.83,0,0,0,0,9.06,"June 06, 23",0
2023-06-07,9.08,9.08,9.08,9.08,7.85,0,0,0,0,9.08,"June 07, 23",0
2023-06-08,9.09,9.09,9.09,9.09,7.86,0,0,0,0,9.09,"June 08, 23",0
2023-06-09,9.09,9.09,9.09,9.09,7.86,0,0,0,0,9.09,"June 09, 23",0
2023-06-12,9.1,9.1,9.1,9.1,7.87,0,0,0,0,9.1,"June 12, 23",0
2023-06-13,9.11,9.11,9.11,9.11,7.88,0,0,0,0,9.11,"June 13, 23",0
2023-06-14,9.12,9.12,9.12,9.12,7.88,0,0,0,0,9.12,"June 14, 23",0
2023-06-15,9.12,9.12,9.12,9.12,7.88,0,0,0,0,9.12,"June 15, 23",0
2023-06-16,9.13,9.13,9.13,9.13,7.89,0,0,0,0,9.13,"June 16, 23",0
2023-06-20,9.12,9.12,9.12,9.12,7.88,0,0,0,0,9.12,"June 20, 23",0
2023-06-21,9.12,9.12,9.12,9.12,7.88,0,0,0,0,9.12,"June 21, 23",0
2023-06-22,9.12,9.12,9.12,9.12,7.88,0,0,0,0,9.12,"June 22, 23",0
2023-06-23,9.12,9.12,9.12,9.12,7.88,0,0,0,0,9.12,"June 23, 23",0
2023-06-26,9.12,9.12,9.12,9.12,7.88,0,0,0,0,9.12,"June 26, 23",0
2023-06-27,9.13,9.13,9.13,9.13,7.89,0,0,0,0,9.13,"June 27, 23",0
2023-06-28,9.14,9.14,9.14,9.14,7.9,0,0,0,0,9.14,"June 28, 23",0
2023-06-29,9.16,9.16,9.16,9.16,7.92,0,0,0,0,9.16,"June 29, 23",0
2023-06-30,9.17,9.17,9.17,9.17,7.98,0,0,0,0,9.17,"June 30, 23",0
2023-07-03,9.17,9.17,9.17,9.17,7.98,0,0,0,0,9.17,"July 03, 23",0
2023-07-05,9.18,9.18,9.18,9.18,7.99,0,0,0,0,9.18,"July 05, 23",0
2023-07-06,9.18,9.18,9.18,9.18,7.99,0,0,0,0,9.18,"July 06, 23",0
2023-07-07,9.18,9.18,9.18,9.18,7.99,0,0,0,0,9.18,"July 07, 23",0
2023-07-10,9.19,9.19,9.19,9.19,8.0,0,0,0,0,9.19,"July 10, 23",0
2023-07-11,9.2,9.2,9.2,9.2,8.01,0,0,0,0,9.2,"July 11, 23",0
2023-07-12,9.21,9.21,9.21,9.21,8.02,0,0,0,0,9.21,"July 12, 23",0
2023-07-13,9.22,9.22,9.22,9.22,8.03,0,0,0,0,9.22,"July 13, 23",0
2023-07-14,9.22,9.22,9.22,9.22,8.03,0,0,0,0,9.22,"July 14, 23",0
2023-07-17,9.21,9.21,9.21,9.21,8.02,0,0,0,0,9.21,"July 17, 23",0
2023-07-18,9.21,9.21,9.21,9.21,8.02,0,0,0,0,9.21,"July 18, 23",0
2023-07-19,9.21,9.21,9.21,9.21,8.02,0,0,0,0,9.21,"July 19, 23",0
2023-07-20,9.21,9.21,9.21,9.21,8.02,0,0,0,0,9.21,"July 20, 23",0
2023-07-21,9.21,9.21,9.21,9.21,8.02,0,0,0,0,9.21,"July 21, 23",0
2023-07-24,9.21,9.21,9.21,9.21,8.02,0,0,0,0,9.21,"July 24, 23",0
2023-07-25,9.21,9.21,9.21,9.21,8.02,0,0,0,0,9.21,"July 25, 23",0
2023-07-26,9.21,9.21,9.21,9.21,8.02,0,0,0,0,9.21,"July 26, 23",0
2023-07-27,9.21,9.21,9.21,9.21,8.02,0,0,0,0,9.21,"July 27, 23",0
2023-07-28,9.21,9.21,9.21,9.21,8.02,0,0,0,0,9.21,"July 28, 23",0
2023-07-31,9.21,9.21,9.21,9.21,8.07,0,0,0,0,9.21,"July 31, 23",0
2023-08-01,9.2,9.2,9.2,9.2,8.07,0,0,0,0,9.2,"August 01, 23",0
2023-08-02,9.19,9.19,9.19,9.19,8.06,0,0,0,0,9.19,"August 02, 23",0
2023-08-03,9.19,9.19,9.19,9.19,8.06,0,0,0,0,9.19,"August 03, 23",0
2023-08-04,9.19,9.19,9.19,9.19,8.06,0,0,0,0,9.19,"August 04, 23",0
2023-08-07,9.2,9.2,9.2,9.2,8.07,0,0,0,0,9.2,"August 07, 23",0
2023-08-08,9.2,9.2,9.2,9.2,8.07,0,0,0,0,9.2,"August 08, 23",0
2023-08-09,9.2,9.2,9.2,9.2,8.07,0,0,0,0,9.2,"August 09, 23",0
2023-08-10,9.2,9.2,9.2,9.2,8.07,0,0,0,0,9.2,"August 10, 23",0
2023-08-11,9.21,9.21,9.21,9.21,8.07,0,0,0,0,9.21,"August 11, 23",0
2023-08-14,9.21,9.21,9.21,9.21,8.07,0,0,0,0,9.21,"August 14, 23",0
2023-08-15,9.2,9.2,9.2,9.2,8.07,0,0,0,0,9.2,"August 15, 23",0
2023-08-16,9.21,9.21,9.21,9.21,8.07,0,0,0,0,9.21,"August 16, 23",0
2023-08-17,9.21,9.21,9.21,9.21,8.07,0,0,0,0,9.21,"August 17, 23",0
2023-08-18,9.2,9.2,9.2,9.2,8.07,0,0,0,0,9.2,"August 18, 23",0
2023-08-21,9.21,9.21,9.21,9.21,8.07,0,0,0,0,9.21,"August 21, 23",0
2023-08-22,9.21,9.21,9.21,9.21,8.07,0,0,0,0,9.21,"August 22, 23",0
2023-08-23,9.22,9.22,9.22,9.22,8.08,0,0,0,0,9.22,"August 23, 23",0
2023-08-24,9.22,9.22,9.22,9.22,8.08,0,0,0,0,9.22,"August 24, 23",0
2023-08-25,9.22,9.22,9.22,9.22,8.08,0,0,0,0,9.22,"August 25, 23",0
2023-08-28,9.22,9.22,9.22,9.22,8.08,0,0,0,0,9.22,"August 28, 23",0
2023-08-29,9.23,9.23,9.23,9.23,8.09,0,0,0,0,9.23,"August 29, 23",0
2023-08-30,9.24,9.24,9.24,9.24,8.1,0,0,0,0,9.24,"August 30, 23",0
2023-08-31,9.25,9.25,9.25,9.25,8.17,0,0,0,0,9.25,"August 31, 23",0
2023-09-01,9.25,9.25,9.25,9.25,8.17,0,0,0,0,9.25,"September 01, 23",0
2023-09-05,9.25,9.25,9.25,9.25,8.17,0,0,0,0,9.25,"September 05, 23",0
2023-09-06,9.25,9.25,9.25,9.25,8.17,0,0,0,0,9.25,"September 06, 23",0
2023-09-07,9.26,9.26,9.26,9.26,8.17,0,0,0,0,9.26,"September 07, 23",0
2023-09-08,9.26,9.26,9.26,9.26,8.17,0,0,0,0,9.26,"September 08, 23",0
2023-09-11,9.27,9.27,9.27,9.27,8.18,0,0,0,0,9.27,"September 11, 23",0
2023-09-12,9.28,9.28,9.28,9.28,8.19,0,0,0,0,9.28,"September 12, 23",0
2023-09-13,9.28,9.28,9.28,9.28,8.19,0,0,0,0,9.28,"September 13, 23",0
2023-09-14,9.29,9.29,9.29,9.29,8.2,0,0,0,0,9.29,"September 14, 23",0
2023-09-15,9.29,9.29,9.29,9.29,8.2,0,0,0,0,9.29,"September 15, 23",0
2023-09-18,9.29,9.29,9.29,9.29,8.2,0,0,0,0,9.29,"September 18, 23",0
2023-09-19,9.29,9.29,9.29,9.29,8.2,0,0,0,0,9.29,"September 19, 23",0
2023-09-20,9.28,9.28,9.28,9.28,8.19,0,0,0,0,9.28,"September 20, 23",0
2023-09-21,9.27,9.27,9.27,9.27,8.18,0,0,0,0,9.27,"September 21, 23",0
2023-09-22,9.27,9.27,9.27,9.27,8.18,0,0,0,0,9.27,"September 22, 23",0
2023-09-25,9.27,9.27,9.27,9.27,8.18,0,0,0,0,9.27,"September 25, 23",0
2023-09-26,9.26,9.26,9.26,9.26,8.17,0,0,0,0,9.26,"September 26, 23",0
2023-09-27,9.25,9.25,9.25,9.25,8.17,0,0,0,0,9.25,"September 27, 23",0
2023-09-28,9.25,9.25,9.25,9.25,8.17,0,0,0,0,9.25,"September 28, 23",0
2023-09-29,9.25,9.25,9.25,9.25,8.22,0,0,0,0,9.25,"September 29, 23",0
2023-10-02,9.23,9.23,9.23,9.23,8.21,0,0,0,0,9.23,"October 02, 23",0
2023-10-03,9.21,9.21,9.21,9.21,8.19,0,0,0,0,9.21,"October 03, 23",0
2023-10-04,9.2,9.2,9.2,9.2,8.18,0,0,0,0,9.2,"October 04, 23",0
2023-10-05,9.2,9.2,9.2,9.2,8.18,0,0,0,0,9.2,"October 05, 23",0
2023-10-06,9.2,9.2,9.2,9.2,8.18,0,0,0,0,9.2,"October 06, 23",0
2023-10-09,9.2,9.2,9.2,9.2,8.18,0,0,0,0,9.2,"October 09, 23",0
2023-10-10,9.21,9.21,9.21,9.21,8.19,0,0,0,0,9.21,"October 10, 23",0
2023-10-11,9.21,9.21,9.21,9.21,8.19,0,0,0,0,9.21,"October 11, 23",0
2023-10-12,9.21,9.21,9.21,9.21,8.19,0,0,0,0,9.21,"October 12, 23",0
2023-10-13,9.21,9.21,9.21,9.21,8.19,0,0,0,0,9.21,"October 13, 23",0
2023-10-16,9.22,9.22,9.22,9.22,8.2,0,0,0,0,9.22,"October 16, 23",0
2023-10-17,9.21,9.21,9.21,9.21,8.19,0,0,0,0,9.21,"October 17, 23",0
2023-10-18,9.21,9.21,9.21,9.21,8.19,0,0,0,0,9.21,"October 18, 23",0
2023-10-19,9.21,9.21,9.21,9.21,8.19,0,0,0,0,9.21,"October 19, 23",0
2023-10-20,9.2,9.2,9.2,9.2,8.18,0,0,0,0,9.2,"October 20, 23",0
2023-10-23,9.19,9.19,9.19,9.19,8.17,0,0,0,0,9.19,"October 23, 23",0
2023-10-24,9.19,9.19,9.19,9.19,8.17,0,0,0,0,9.19,"October 24, 23",0
2023-10-25,9.18,9.18,9.18,9.18,8.16,0,0,0,0,9.18,"October 25, 23",0
2023-10-26,9.17,9.17,9.17,9.17,8.15,0,0,0,0,9.17,"October 26, 23",0
2023-10-27,9.17,9.17,9.17,9.17,8.15,0,0,0,0,9.17,"October 27, 23",0
2023-10-30,9.16,9.16,9.16,9.16,8.14,0,0,0,0,9.16,"October 30, 23",0
2023-10-31,9.16,9.16,9.16,9.16,8.2,0,0,0,0,9.16,"October 31, 23",0
2023-11-01,9.16,9.16,9.16,9.16,8.2,0,0,0,0,9.16,"November 01, 23",0
2023-11-02,9.18,9.18,9.18,9.18,8.22,0,0,0,0,9.18,"November 02, 23",0
2023-11-03,9.19,9.19,9.19,9.19,8.23,0,0,0,0,9.19,"November 03, 23",0
2023-11-06,9.2,9.2,9.2,9.2,8.24,0,0,0,0,9.2,"November 06, 23",0
2023-11-07,9.2,9.2,9.2,9.2,8.24,0,0,0,0,9.2,"November 07, 23",0
2023-11-08,9.2,9.2,9.2,9.2,8.24,0,0,0,0,9.2,"November 08, 23",0
2023-11-09,9.2,9.2,9.2,9.2,8.24,0,0,0,0,9.2,"November 09, 23",0
2023-11-10,9.2,9.2,9.2,9.2,8.24,0,0,0,0,9.2,"November 10, 23",0
2023-11-13,9.2,9.2,9.2,9.2,8.24,0,0,0,0,9.2,"November 13, 23",0
2023-11-14,9.21,9.21,9.21,9.21,8.25,0,0,0,0,9.21,"November 14, 23",0
2023-11-15,9.22,9.22,9.22,9.22,8.26,0,0,0,0,9.22,"November 15, 23",0
2023-11-16,9.21,9.21,9.21,9.21,8.25,0,0,0,0,9.21,"November 16, 23",0
2023-11-17,9.21,9.21,9.21,9.21,8.25,0,0,0,0,9.21,"November 17, 23",0
2023-11-20,9.21,9.21,9.21,9.21,8.25,0,0,0,0,9.21,"November 20, 23",0
2023-11-21,9.21,9.21,9.21,9.21,8.25,0,0,0,0,9.21,"November 21, 23",0
2023-11-22,9.21,9.21,9.21,9.21,8.25,0,0,0,0,9.21,"November 22, 23",0
2023-11-24,9.21,9.21,9.21,9.21,8.25,0,0,0,0,9.21,"November 24, 23",0
2023-11-27,9.21,9.21,9.21,9.21,8.25,0,0,0,0,9.21,"November 27, 23",0
2023-11-28,9.21,9.21,9.21,9.21,8.25,0,0,0,0,9.21,"November 28, 23",0
2023-11-29,9.22,9.22,9.22,9.22,8.26,0,0,0,0,9.22,"November 29, 23",0
2023-11-30,9.22,9.22,9.22,9.22,8.32,0,0,0,0,9.22,"November 30, 23",0
2023-12-01,9.22,9.22,9.22,9.22,8.32,0,0,0,0,9.22,"December 01, 23",0
2023-12-04,9.22,9.22,9.22,9.22,8.32,0,0,0,0,9.22,"December 04, 23",0
2023-12-05,9.22,9.22,9.22,9.22,8.32,0,0,0,0,9.22,"December 05, 23",0
2023-12-06,9.23,9.23,9.23,9.23,8.33,0,0,0,0,9.23,"December 06, 23",0
2023-12-07,9.23,9.23,9.23,9.23,8.33,0,0,0,0,9.23,"December 07, 23",0
2023-12-08,9.24,9.24,9.24,9.24,8.34,0,0,0,0,9.24,"December 08, 23",0
2023-12-11,9.24,9.24,9.24,9.24,8.34,0,0,0,0,9.24,"December 11, 23",0
2023-12-12,9.24,9.24,9.24,9.24,8.34,0,0,0,0,9.24,"December 12, 23",0
2023-12-13,9.25,9.25,9.25,9.25,8.34,0,0,0,0,9.25,"December 13, 23",0
2023-12-14,9.27,9.27,9.27,9.27,8.36,0,0,0,0,9.27,"December 14, 23",0
2023-12-15,9.28,9.28,9.28,9.28,8.37,0,0,0,0,9.28,"December 15, 23",0
2023-12-18,9.28,9.28,9.28,9.28,8.37,0,0,0,0,9.28,"December 18, 23",0
2023-12-19,9.29,9.29,9.29,9.29,8.38,0,0,0,0,9.29,"December 19, 23",0
2023-12-20,9.29,9.29,9.29,9.29,8.38,0,0,0,0,9.29,"December 20, 23",0
2023-12-21,9.29,9.29,9.29,9.29,8.38,0,0,0,0,9.29,"December 21, 23",0
2023-12-22,9.29,9.29,9.29,9.29,8.38,0,0,0,0,9.29,"December 22, 23",0
2023-12-26,9.29,9.29,9.29,9.29,8.38,0,0,0,0,9.29,"December 26, 23",0
2023-12-27,9.3,9.3,9.3,9.3,8.39,0,0,0,0,9.3,"December 27, 23",0
2023-12-28,9.3,9.3,9.3,9.3,8.39,0,0,0,0,9.3,"December 28, 23",0
2023-12-29,9.3,9.3,9.3,9.3,8.46,0,0,0,0,9.3,"December 29, 23",0
2024-01-02,9.3,9.3,9.3,9.3,8.46,0,0,0,0,9.3,"January 02, 24",0
2024-01-03,9.3,9.3,9.3,9.3,8.46,0,0,0,0,9.3,"January 03, 24",0
2024-01-04,9.3,9.3,9.3,9.3,8.46,0,0,0,0,9.3,"January 04, 24",0
2024-01-05,9.3,9.3,9.3,9.3,8.46,0,0,0,0,9.3,"January 05, 24",0
2024-01-08,9.3,9.3,9.3,9.3,8.46,0,0,0,0,9.3,"January 08, 24",0
2024-01-09,9.3,9.3,9.3,9.3,8.46,0,0,0,0,9.3,"January 09, 24",0
2024-01-10,9.29,9.29,9.29,9.29,8.45,0,0,0,0,9.29,"January 10, 24",0
2024-01-11,9.3,9.3,9.3,9.3,8.46,0,0,0,0,9.3,"January 11, 24",0
2024-01-12,9.3,9.3,9.3,9.3,8.46,0,0,0,0,9.3,"January 12, 24",0
2024-01-16,9.3,9.3,9.3,9.3,8.46,0,0,0,0,9.3,"January 16, 24",0
2024-01-17,9.29,9.29,9.29,9.29,8.45,0,0,0,0,9.29,"January 17, 24",0
2024-01-18,9.29,9.29,9.29,9.29,8.45,0,0,0,0,9.29,"January 18, 24",0
2024-01-19,9.29,9.29,9.29,9.29,8.45,0,0,0,0,9.29,"January 19, 24",0
2024-01-22,9.29,9.29,9.29,9.29,8.45,0,0,0,0,9.29,"January 22, 24",0
2024-01-23,9.29,9.29,9.29,9.29,8.45,0,0,0,0,9.29,"January 23, 24",0
2024-01-24,9.29,9.29,9.29,9.29,8.45,0,0,0,0,9.29,"January 24, 24",0
2024-01-25,9.29,9.29,9.29,9.29,8.45,0,0,0,0,9.29,"January 25, 24",0
2024-01-26,9.29,9.29,9.29,9.29,8.45,0,0,0,0,9.29,"January 26, 24",0
2024-01-29,9.29,9.29,9.29,9.29,8.45,0,0,0,0,9.29,"January 29, 24",0
2024-01-30,9.29,9.29,9.29,9.29,8.45,0,0,0,0,9.29,"January 30, 24",0
2024-01-31,9.28,9.28,9.28,9.28,8.5,0,0,0,0,9.28,"January 31, 24",0
2024-02-01,9.28,9.28,9.28,9.28,8.5,0,0,0,0,9.28,"February 01, 24",0
2024-02-02,9.28,9.28,9.28,9.28,8.5,0,0,0,0,9.28,"February 02, 24",0
2024-02-05,9.28,9.28,9.28,9.28,8.5,0,0,0,0,9.28,"February 05, 24",0
2024-02-06,9.28,9.28,9.28,9.28,8.5,0,0,0,0,9.28,"February 06, 24",0
2024-02-07,9.28,9.28,9.28,9.28,8.5,0,0,0,0,9.28,"February 07, 24",0
2024-02-08,9.28,9.28,9.28,9.28,8.5,0,0,0,0,9.28,"February 08, 24",0
2024-02-09,9.28,9.28,9.28,9.28,8.5,0,0,0,0,9.28,"February 09, 24",0
2024-02-12,9.28,9.28,9.28,9.28,8.5,0,0,0,0,9.28,"February 12, 24",0
2024-02-13,9.28,9.28,9.28,9.28,8.5,0,0,0,0,9.28,"February 13, 24",0
2024-02-14,9.28,9.28,9.28,9.28,8.5,0,0,0,0,9.28,"February 14, 24",0
2024-02-15,9.29,9.29,9.29,9.29,8.51,0,0,0,0,9.29,"February 15, 24",0
2024-02-16,9.29,9.29,9.29,9.29,8.51,0,0,0,0,9.29,"February 16, 24",0
2024-02-20,9.29,9.29,9.29,9.29,8.51,0,0,0,0,9.29,"February 20, 24",0
2024-02-21,9.3,9.3,9.3,9.3,8.52,0,0,0,0,9.3,"February 21, 24",0
2024-02-22,9.3,9.3,9.3,9.3,8.52,0,0,0,0,9.3,"February 22, 24",0
2024-02-23,9.31,9.31,9.31,9.31,8.53,0,0,0,0,9.31,"February 23, 24",0
2024-02-26,9.31,9.31,9.31,9.31,8.53,0,0,0,0,9.31,"February 26, 24",0
2024-02-27,9.31,9.31,9.31,9.31,8.53,0,0,0,0,9.31,"February 27, 24",0
2024-02-28,9.31,9.31,9.31,9.31,8.53,0,0,0,0,9.31,"February 28, 24",0
2024-02-29,9.31,9.31,9.31,9.31,8.58,0,0,0,0,9.31,"February 29, 24",0
2024-03-01,9.31,9.31,9.31,9.31,8.58,0,0,0,0,9.31,"March 01, 24",0
2024-03-04,9.32,9.32,9.32,9.32,8.59,0,0,0,0,9.32,"March 04, 24",0
2024-03-05,9.32,9.32,9.32,9.32,8.59,0,0,0,0,9.32,"March 05, 24",0
2024-03-06,9.32,9.32,9.32,9.32,8.59,0,0,0,0,9.32,"March 06, 24",0
2024-03-07,9.32,9.32,9.32,9.32,8.59,0,0,0,0,9.32,"March 07, 24",0
2024-03-08,9.33,9.33,9.33,9.33,8.6,0,0,0,0,9.33,"March 08, 24",0
2024-03-11,9.33,9.33,9.33,9.33,8.6,0,0,0,0,9.33,"March 11, 24",0
2024-03-12,9.33,9.33,9.33,9.33,8.6,0,0,0,0,9.33,"March 12, 24",0
2024-03-13,9.34,9.34,9.34,9.34,8.61,0,0,0,0,9.34,"March 13, 24",0
2024-03-14,9.34,9.34,9.34,9.34,8.61,0,0,0,0,9.34,"March 14, 24",0
2024-03-15,9.34,9.34,9.34,9.34,8.61,0,0,0,0,9.34,"March 15, 24",0
2024-03-18,9.34,9.34,9.34,9.34,8.61,0,0,0,0,9.34,"March 18, 24",0
2024-03-19,9.34,9.34,9.34,9.34,8.61,0,0,0,0,9.34,"March 19, 24",0
2024-03-20,9.33,9.33,9.33,9.33,8.6,0,0,0,0,9.33,"March 20, 24",0
2024-03-21,9.33,9.33,9.33,9.33,8.6,0,0,0,0,9.33,"March 21, 24",0
2024-03-22,9.32,9.32,9.32,9.32,8.59,0,0,0,0,9.32,"March 22, 24",0
2024-03-25,9.31,9.31,9.31,9.31,8.58,0,0,0,0,9.31,"March 25, 24",0
2024-03-26,9.32,9.32,9.32,9.32,8.59,0,0,0,0,9.32,"March 26, 24",0
2024-03-27,9.32,9.32,9.32,9.32,8.59,0,0,0,0,9.32,"March 27, 24",0
2024-03-28,9.32,9.32,9.32,9.32,8.65,0,0,0,0,9.32,"March 28, 24",0
2024-04-01,9.32,9.32,9.32,9.32,8.65,0,0,0,0,9.32,"April 01, 24",0
2024-04-02,9.32,9.32,9.32,9.32,8.65,0,0,0,0,9.32,"April 02, 24",0
2024-04-03,9.32,9.32,9.32,9.32,8.65,0,0,0,0,9.32,"April 03, 24",0
2024-04-04,9.32,9.32,9.32,9.32,8.65,0,0,0,0,9.32,"April 04, 24",0
2024-04-05,9.32,9.32,9.32,9.32,8.65,0,0,0,0,9.32,"April 05, 24",0
2024-04-08,9.32,9.32,9.32,9.32,8.65,0,0,0,0,9.32,"April 08, 24",0
2024-04-09,9.32,9.32,9.32,9.32,8.65,0,0,0,0,9.32,"April 09, 24",0
2024-04-10,9.31,9.31,9.31,9.31,8.64,0,0,0,0,9.31,"April 10, 24",0
2024-04-11,9.31,9.31,9.31,9.31,8.64,0,0,0,0,9.31,"April 11, 24",0
2024-04-12,9.3,9.3,9.3,9.3,8.64,0,0,0,0,9.3,"April 12, 24",0
2024-04-15,9.3,9.3,9.3,9.3,8.64,0,0,0,0,9.3,"April 15, 24",0
2024-04-16,9.3,9.3,9.3,9.3,8.64,0,0,0,0,9.3,"April 16, 24",0
2024-04-17,9.29,9.29,9.29,9.29,8.63,0,0,0,0,9.29,"April 17, 24",0
2024-04-18,9.29,9.29,9.29,9.29,8.63,0,0,0,0,9.29,"April 18, 24",0
2024-04-19,9.29,9.29,9.29,9.29,8.63,0,0,0,0,9.29,"April 19, 24",0
2024-04-22,9.29,9.29,9.29,9.29,8.63,0,0,0,0,9.29,"April 22, 24",0
2024-04-23,9.3,9.3,9.3,9.3,8.64,0,0,0,0,9.3,"April 23, 24",0
2024-04-24,9.3,9.3,9.3,9.3,8.64,0,0,0,0,9.3,"April 24, 24",0
2024-04-25,9.3,9.3,9.3,9.3,8.64,0,0,0,0,9.3,"April 25, 24",0
2024-04-26,9.3,9.3,9.3,9.3,8.64,0,0,0,0,9.3,"April 26, 24",0
2024-04-29,9.3,9.3,9.3,9.3,8.64,0,0,0,0,9.3,"April 29, 24",0
2024-04-30,9.3,9.3,9.3,9.3,8.69,0,0,0,0,9.3,"April 30, 24",0
2024-05-01,9.3,9.3,9.3,9.3,8.69,0,0,0,0,9.3,"May 01, 24",0
2024-05-02,9.3,9.3,9.3,9.3,8.69,0,0,0,0,9.3,"May 02, 24",0
2024-05-03,9.3,9.3,9.3,9.3,8.69,0,0,0,0,9.3,"May 03, 24",0
2024-05-06,9.3,9.3,9.3,9.3,8.69,0,0,0,0,9.3,"May 06, 24",0
2024-05-07,9.31,9.31,9.31,9.31,8.7,0,0,0,0,9.31,"May 07, 24",0
2024-05-08,9.31,9.31,9.31,9.31,8.7,0,0,0,0,9.31,"May 08, 24",0
2024-05-09,9.31,9.31,9.31,9.31,8.7,0,0,0,0,9.31,"May 09, 24",0
2024-05-10,9.31,9.31,9.31,9.31,8.7,0,0,0,0,9.31,"May 10, 24",0
2024-05-13,9.31,9.31,9.31,9.31,8.7,0,0,0,0,9.31,"May 13, 24",0
2024-05-14,9.31,9.31,9.31,9.31,8.7,0,0,0,0,9.31,"May 14, 24",0
2024-05-15,9.31,9.31,9.31,9.31,8.7,0,0,0,0,9.31,"May 15, 24",0
2024-05-16,9.31,9.31,9.31,9.31,8.7,0,0,0,0,9.31,"May 16, 24",0
2024-05-17,9.31,9.31,9.31,9.31,8.7,0,0,0,0,9.31,"May 17, 24",0
2024-05-20,9.31,9.31,9.31,9.31,8.7,0,0,0,0,9.31,"May 20, 24",0
2024-05-21,9.31,9.31,9.31,9.31,8.7,0,0,0,0,9.31,"May 21, 24",0
2024-05-22,9.31,9.31,9.31,9.31,8.7,0,0,0,0,9.31,"May 22, 24",0
2024-05-23,9.31,9.31,9.31,9.31,8.7,0,0,0,0,9.31,"May 23, 24",0
2024-05-24,9.3,9.3,9.3,9.3,8.69,0,0,0,0,9.3,"May 24, 24",0
2024-05-28,9.31,9.31,9.31,9.31,8.7,0,0,0,0,9.31,"May 28, 24",0
2024-05-29,9.3,9.3,9.3,9.3,8.69,0,0,0,0,9.3,"May 29, 24",0
2024-05-30,9.3,9.3,9.3,9.3,8.69,0,0,0,0,9.3,"May 30, 24",0
2024-05-31,9.31,9.31,9.31,9.31,8.76,0,0,0,0,9.31,"May 31, 24",0
2024-06-03,9.3,9.3,9.3,9.3,8.75,0,0,0,0,9.3,"June 03, 24",0
2024-06-04,9.3,9.3,9.3,9.3,8.75,0,0,0,0,9.3,"June 04, 24",0
2024-06-05,9.3,9.3,9.3,9.3,8.75,0,0,0,0,9.3,"June 05, 24",0
2024-06-06,9.3,9.3,9.3,9.3,8.75,0,0,0,0,9.3,"June 06, 24",0
2024-06-07,9.3,9.3,9.3,9.3,8.75,0,0,0,0,9.3,"June 07, 24",0
2024-06-10,9.3,9.3,9.3,9.3,8.75,0,0,0,0,9.3,"June 10, 24",0
2024-06-11,9.3,9.3,9.3,9.3,8.75,0,0,0,0,9.3,"June 11, 24",0
2024-06-12,9.3,9.3,9.3,9.3,8.75,0,0,0,0,9.3,"June 12, 24",0
2024-06-13,9.29,9.29,9.29,9.29,8.74,0,0,0,0,9.29,"June 13, 24",0
2024-06-14,9.28,9.28,9.28,9.28,8.74,0,0,0,0,9.28,"June 14, 24",0
2024-06-17,9.27,9.27,9.27,9.27,8.73,0,0,0,0,9.27,"June 17, 24",0
2024-06-18,9.27,9.27,9.27,9.27,8.73,0,0,0,0,9.27,"June 18, 24",0
2024-06-20,9.27,9.27,9.27,9.27,8.73,0,0,0,0,9.27,"June 20, 24",0
2024-06-21,9.27,9.27,9.27,9.27,8.73,0,0,0,0,9.27,"June 21, 24",0
2024-06-24,9.27,9.27,9.27,9.27,8.73,0,0,0,0,9.27,"June 24, 24",0
2024-06-25,9.26,9.26,9.26,9.26,8.72,0,0,0,0,9.26,"June 25, 24",0
2024-06-26,9.26,9.26,9.26,9.26,8.72,0,0,0,0,9.26,"June 26, 24",0
2024-06-27,9.26,9.26,9.26,9.26,8.72,0,0,0,0,9.26,"June 27, 24",0
2024-06-28,9.26,9.26,9.26,9.26,8.78,0,0,0,0,9.26,"June 28, 24",0
2024-07-01,9.26,9.26,9.26,9.26,8.78,0,0,0,0,9.26,"July 01, 24",0
2024-07-02,9.26,9.26,9.26,9.26,8.78,0,0,0,0,9.26,"July 02, 24",0
2024-07-03,9.26,9.26,9.26,9.26,8.78,0,0,0,0,9.26,"July 03, 24",0
2024-07-05,9.26,9.26,9.26,9.26,8.78,0,0,0,0,9.26,"July 05, 24",0
2024-07-08,9.26,9.26,9.26,9.26,8.78,0,0,0,0,9.26,"July 08, 24",0
2024-07-09,9.26,9.26,9.26,9.26,8.78,0,0,0,0,9.26,"July 09, 24",0
2024-07-10,9.26,9.26,9.26,9.26,8.78,0,0,0,0,9.26,"July 10, 24",0
2024-07-11,9.26,9.26,9.26,9.26,8.78,0,0,0,0,9.26,"July 11, 24",0
2024-07-12,9.26,9.26,9.26,9.26,8.78,0,0,0,0,9.26,"July 12, 24",0
2024-07-15,9.26,9.26,9.26,9.26,8.78,0,0,0,0,9.26,"July 15, 24",0
2024-07-16,9.27,9.27,9.27,9.27,8.78,0,0,0,0,9.27,"July 16, 24",0
2024-07-17,9.27,9.27,9.27,9.27,8.78,0,0,0,0,9.27,"July 17, 24",0
2024-07-18,9.27,9.27,9.27,9.27,8.78,0,0,0,0,9.27,"July 18, 24",0
2024-07-19,9.26,9.26,9.26,9.26,8.78,0,0,0,0,9.26,"July 19, 24",0
2024-07-22,9.26,9.26,9.26,9.26,8.78,0,0,0,0,9.26,"July 22, 24",0
2024-07-23,9.26,9.26,9.26,9.26,8.78,0,0,0,0,9.26,"July 23, 24",0
2024-07-24,9.26,9.26,9.26,9.26,8.78,0,0,0,0,9.26,"July 24, 24",0
2024-07-25,9.25,9.25,9.25,9.25,8.77,0,0,0,0,9.25,"July 25, 24",0
2024-07-26,9.25,9.25,9.25,9.25,8.77,0,0,0,0,9.25,"July 26, 24",0
2024-07-29,9.25,9.25,9.25,9.25,8.77,0,0,0,0,9.25,"July 29, 24",0
2024-07-30,9.26,9.26,9.26,9.26,8.78,0,0,0,0,9.26,"July 30, 24",0
2024-07-31,9.26,9.26,9.26,9.26,8.84,0,0,0,0,9.26,"July 31, 24",0
2024-08-01,9.25,9.25,9.25,9.25,8.83,0,0,0,0,9.25,"August 01, 24",0
2024-08-02,9.23,9.23,9.23,9.23,8.81,0,0,0,0,9.23,"August 02, 24",0
2024-08-05,9.18,9.18,9.18,9.18,8.76,0,0,0,0,9.18,"August 05, 24",0
2024-08-06,9.21,9.21,9.21,9.21,8.79,0,0,0,0,9.21,"August 06, 24",0
2024-08-07,9.22,9.22,9.22,9.22,8.8,0,0,0,0,9.22,"August 07, 24",0
2024-08-08,9.22,9.22,9.22,9.22,8.8,0,0,0,0,9.22,"August 08, 24",0
2024-08-09,9.23,9.23,9.23,9.23,8.81,0,0,0,0,9.23,"August 09, 24",0
2024-08-12,9.23,9.23,9.23,9.23,8.81,0,0,0,0,9.23,"August 12, 24",0
2024-08-13,9.23,9.23,9.23,9.23,8.81,0,0,0,0,9.23,"August 13, 24",0
2024-08-14,9.23,9.23,9.23,9.23,8.81,0,0,0,0,9.23,"August 14, 24",0
2024-08-15,9.23,9.23,9.23,9.23,8.81,0,0,0,0,9.23,"August 15, 24",0
2024-08-16,9.23,9.23,9.23,9.23,8.81,0,0,0,0,9.23,"August 16, 24",0
2024-08-19,9.24,9.24,9.24,9.24,8.82,0,0,0,0,9.24,"August 19, 24",0
2024-08-20,9.24,9.24,9.24,9.24,8.82,0,0,0,0,9.24,"August 20, 24",0
2024-08-21,9.24,9.24,9.24,9.24,8.82,0,0,0,0,9.24,"August 21, 24",0
2024-08-22,9.24,9.24,9.24,9.24,8.82,0,0,0,0,9.24,"August 22, 24",0
2024-08-23,9.25,9.25,9.25,9.25,8.83,0,0,0,0,9.25,"August 23, 24",0
2024-08-26,9.25,9.25,9.25,9.25,8.83,0,0,0,0,9.25,"August 26, 24",0
2024-08-27,9.25,9.25,9.25,9.25,8.83,0,0,0,0,9.25,"August 27, 24",0
2024-08-28,9.25,9.25,9.25,9.25,8.83,0,0,0,0,9.25,"August 28, 24",0
2024-08-29,9.25,9.25,9.25,9.25,8.83,0,0,0,0,9.25,"August 29, 24",0
2024-08-30,9.25,9.25,9.25,9.25,8.89,0,0,0,0,9.25,"August 30, 24",0
2024-09-03,9.24,9.24,9.24,9.24,8.88,0,0,0,0,9.24,"September 03, 24",0
2024-09-04,9.23,9.23,9.23,9.23,8.87,0,0,0,0,9.23,"September 04, 24",0
2024-09-05,9.24,9.24,9.24,9.24,8.88,0,0,0,0,9.24,"September 05, 24",0
2024-09-06,9.24,9.24,9.24,9.24,8.88,0,0,0,0,9.24,"September 06, 24",0
2024-09-09,9.24,9.24,9.24,9.24,8.88,0,0,0,0,9.24,"September 09, 24",0
2024-09-10,9.24,9.24,9.24,9.24,8.88,0,0,0,0,9.24,"September 10, 24",0
2024-09-11,9.24,9.24,9.24,9.24,8.88,0,0,0,0,9.24,"September 11, 24",0
2024-09-12,9.24,9.24,9.24,9.24,8.88,0,0,0,0,9.24,"September 12, 24",0
2024-09-13,9.24,9.24,9.24,9.24,8.88,0,0,0,0,9.24,"September 13, 24",0
2024-09-16,9.24,9.24,9.24,9.24,8.88,0,0,0,0,9.24,"September 16, 24",0
2024-09-17,9.24,9.24,9.24,9.24,8.88,0,0,0,0,9.24,"September 17, 24",0
2024-09-18,9.24,9.24,9.24,9.24,8.88,0,0,0,0,9.24,"September 18, 24",0
2024-09-19,9.25,9.25,9.25,9.25,8.89,0,0,0,0,9.25,"September 19, 24",0
2024-09-20,9.25,9.25,9.25,9.25,8.89,0,0,0,0,9.25,"September 20, 24",0
2024-09-23,9.25,9.25,9.25,9.25,8.89,0,0,0,0,9.25,"September 23, 24",0
2024-09-24,9.25,9.25,9.25,9.25,8.89,0,0,0,0,9.25,"September 24, 24",0
2024-09-25,9.24,9.24,9.24,9.24,8.88,0,0,0,0,9.24,"September 25, 24",0
2024-09-26,9.24,9.24,9.24,9.24,8.88,0,0,0,0,9.24,"September 26, 24",0
2024-09-27,9.24,9.24,9.24,9.24,8.88,0,0,0,0,9.24,"September 27, 24",0
2024-09-30,9.25,9.25,9.25,9.25,8.95,0,0,0,0,9.25,"September 30, 24",0
2024-10-01,9.25,9.25,9.25,9.25,8.95,0,0,0,0,9.25,"October 01, 24",0
2024-10-02,9.25,9.25,9.25,9.25,8.95,0,0,0,0,9.25,"October 02, 24",0
2024-10-03,9.25,9.25,9.25,9.25,8.95,0,0,0,0,9.25,"October 03, 24",0
2024-10-04,9.26,9.26,9.26,9.26,8.96,0,0,0,0,9.26,"October 04, 24",0
2024-10-07,9.26,9.26,9.26,9.26,8.96,0,0,0,0,9.26,"October 07, 24",0
2024-10-08,9.26,9.26,9.26,9.26,8.96,0,0,0,0,9.26,"October 08, 24",0
2024-10-09,9.27,9.27,9.27,9.27,8.97,0,0,0,0,9.27,"October 09, 24",0
2024-10-10,9.27,9.27,9.27,9.27,8.97,0,0,0,0,9.27,"October 10, 24",0
2024-10-11,9.28,9.28,9.28,9.28,8.98,0,0,0,0,9.28,"October 11, 24",0
2024-10-14,9.28,9.28,9.28,9.28,8.98,0,0,0,0,9.28,"October 14, 24",0
2024-10-15,9.28,9.28,9.28,9.28,8.98,0,0,0,0,9.28,"October 15, 24",0
2024-10-16,9.29,9.29,9.29,9.29,8.99,0,0,0,0,9.29,"October 16, 24",0
2024-10-17,9.29,9.29,9.29,9.29,8.99,0,0,0,0,9.29,"October 17, 24",0
2024-10-18,9.29,9.29,9.29,9.29,8.99,0,0,0,0,9.29,"October 18, 24",0
2024-10-21,9.29,9.29,9.29,9.29,8.99,0,0,0,0,9.29,"October 21, 24",0
2024-10-22,9.29,9.29,9.29,9.29,8.99,0,0,0,0,9.29,"October 22, 24",0
2024-10-23,9.29,9.29,9.29,9.29,8.99,0,0,0,0,9.29,"October 23, 24",0
2024-10-24,9.29,9.29,9.29,9.29,8.99,0,0,0,0,9.29,"October 24, 24",0
2024-10-25,9.29,9.29,9.29,9.29,8.99,0,0,0,0,9.29,"October 25, 24",0
2024-10-28,9.29,9.29,9.29,9.29,8.99,0,0,0,0,9.29,"October 28, 24",0
2024-10-29,9.29,9.29,9.29,9.29,8.99,0,0,0,0,9.29,"October 29, 24",0
2024-10-30,9.29,9.29,9.29,9.29,8.99,0,0,0,0,9.29,"October 30, 24",0
2024-10-31,9.28,9.28,9.28,9.28,9.04,0,0,0,0,9.28,"October 31, 24",0
2024-11-01,9.27,9.27,9.27,9.27,9.03,0,0,0,0,9.27,"November 01, 24",0
2024-11-04,9.27,9.27,9.27,9.27,9.03,0,0,0,0,9.27,"November 04, 24",0
2024-11-05,9.27,9.27,9.27,9.27,9.03,0,0,0,0,9.27,"November 05, 24",0
2024-11-06,9.29,9.29,9.29,9.29,9.05,0,0,0,0,9.29,"November 06, 24",0
2024-11-07,9.29,9.29,9.29,9.29,9.05,0,0,0,0,9.29,"November 07, 24",0
2024-11-08,9.3,9.3,9.3,9.3,9.06,0,0,0,0,9.3,"November 08, 24",0
2024-11-11,9.3,9.3,9.3,9.3,9.06,0,0,0,0,9.3,"November 11, 24",0
2024-11-12,9.3,9.3,9.3,9.3,9.06,0,0,0,0,9.3,"November 12, 24",0
2024-11-13,9.3,9.3,9.3,9.3,9.06,0,0,0,0,9.3,"November 13, 24",0
2024-11-14,9.31,9.31,9.31,9.31,9.07,0,0,0,0,9.31,"November 14, 24",0
2024-11-15,9.31,9.31,9.31,9.31,9.07,0,0,0,0,9.31,"November 15, 24",0
2024-11-18,9.31,9.31,9.31,9.31,9.07,0,0,0,0,9.31,"November 18, 24",0
2024-11-19,9.31,9.31,9.31,9.31,9.07,0,0,0,0,9.31,"November 19, 24",0
2024-11-20,9.31,9.31,9.31,9.31,9.07,0,0,0,0,9.31,"November 20, 24",0
2024-11-21,9.32,9.32,9.32,9.32,9.08,0,0,0,0,9.32,"November 21, 24",0
2024-11-22,9.32,9.32,9.32,9.32,9.08,0,0,0,0,9.32,"November 22, 24",0
2024-11-25,9.33,9.33,9.33,9.33,9.09,0,0,0,0,9.33,"November 25, 24",0
2024-11-26,9.33,9.33,9.33,9.33,9.09,0,0,0,0,9.33,"November 26, 24",0
2024-11-27,9.33,9.33,9.33,9.33,9.09,0,0,0,0,9.33,"November 27, 24",0
2024-11-29,9.33,9.33,9.33,9.33,9.15,0,0,0,0,9.33,"November 29, 24",0
2024-12-02,9.33,9.33,9.33,9.33,9.15,0,0,0,0,9.33,"December 02, 24",0
2024-12-03,9.33,9.33,9.33,9.33,9.15,0,0,0,0,9.33,"December 03, 24",0
2024-12-04,9.33,9.33,9.33,9.33,9.15,0,0,0,0,9.33,"December 04, 24",0
2024-12-05,9.33,9.33,9.33,9.33,9.15,0,0,0,0,9.33,"December 05, 24",0
2024-12-06,9.33,9.33,9.33,9.33,9.15,0,0,0,0,9.33,"December 06, 24",0
2024-12-09,9.34,9.34,9.34,9.34,9.16,0,0,0,0,9.34,"December 09, 24",0
2024-12-10,9.34,9.34,9.34,9.34,9.16,0,0,0,0,9.34,"December 10, 24",0
2024-12-11,9.34,9.34,9.34,9.34,9.16,0,0,0,0,9.34,"December 11, 24",0
2024-12-12,9.34,9.34,9.34,9.34,9.16,0,0,0,0,9.34,"December 12, 24",0
2024-12-13,9.32,9.32,9.32,9.32,9.15,0,0,0,0,9.32,"December 13, 24",0
2024-12-16,9.32,9.32,9.32,9.32,9.15,0,0,0,0,9.32,"December 16, 24",0
2024-12-17,9.31,9.31,9.31,9.31,9.14,0,0,0,0,9.31,"December 17, 24",0
2024-12-18,9.31,9.31,9.31,9.31,9.14,0,0,0,0,9.31,"December 18, 24",0
2024-12-19,9.29,9.29,9.29,9.29,9.12,0,0,0,0,9.29,"December 19, 24",0
2024-12-20,9.29,9.29,9.29,9.29,9.12,0,0,0,0,9.29,"December 20, 24",0
2024-12-23,9.29,9.29,9.29,9.29,9.12,0,0,0,0,9.29,"December 23, 24",0
2024-12-24,9.29,9.29,9.29,9.29,9.12,0,0,0,0,9.29,"December 24, 24",0
2024-12-26,9.29,9.29,9.29,9.29,9.12,0,0,0,0,9.29,"December 26, 24",0
2024-12-27,9.29,9.29,9.29,9.29,9.12,0,0,0,0,9.29,"December 27, 24",0
2024-12-30,9.29,9.29,9.29,9.29,9.12,0,0,0,0,9.29,"December 30, 24",0
2024-12-31,9.29,9.29,9.29,9.29,9.18,0,0,0,0,9.29,"December 31, 24",0
2025-01-02,9.29,9.29,9.29,9.29,9.18,0,0,0,0,9.29,"January 02, 25",0
2025-01-03,9.29,9.29,9.29,9.29,9.18,0,0,0,0,9.29,"January 03, 25",0
2025-01-06,9.3,9.3,9.3,9.3,9.19,0,0,0,0,9.3,"January 06, 25",0
2025-01-07,9.3,9.3,9.3,9.3,9.19,0,0,0,0,9.3,"January 07, 25",0
2025-01-08,9.3,9.3,9.3,9.3,9.19,0,0,0,0,9.3,"January 08, 25",0
2025-01-10,9.29,9.29,9.29,9.29,9.18,0,0,0,0,9.29,"January 10, 25",0
2025-01-13,9.29,9.29,9.29,9.29,9.18,0,0,0,0,9.29,"January 13, 25",0
2025-01-14,9.29,9.29,9.29,9.29,9.18,0,0,0,0,9.29,"January 14, 25",0
2025-01-15,9.3,9.3,9.3,9.3,9.19,0,0,0,0,9.3,"January 15, 25",0
2025-01-16,9.29,9.29,9.29,9.29,9.18,0,0,0,0,9.29,"January 16, 25",0
2025-01-17,9.29,9.29,9.29,9.29,9.18,0,0,0,0,9.29,"January 17, 25",0
2025-01-21,9.29,9.29,9.29,9.29,9.18,0,0,0,0,9.29,"January 21, 25",0
2025-01-22,9.29,9.29,9.29,9.29,9.18,0,0,0,0,9.29,"January 22, 25",0
2025-01-23,9.29,9.29,9.29,9.29,9.18,0,0,0,0,9.29,"January 23, 25",0
2025-01-24,9.29,9.29,9.29,9.29,9.18,0,0,0,0,9.29,"January 24, 25",0
2025-01-27,9.29,9.29,9.29,9.29,9.18,0,0,0,0,9.29,"January 27, 25",0
2025-01-28,9.29,9.29,9.29,9.29,9.18,0,0,0,0,9.29,"January 28, 25",0
2025-01-29,9.29,9.29,9.29,9.29,9.18,0,0,0,0,9.29,"January 29, 25",0
2025-01-30,9.29,9.29,9.29,9.29,9.18,0,0,0,0,9.29,"January 30, 25",0
2025-01-31,9.29,9.29,9.29,9.29,9.24,0,0,0,0,9.29,"January 31, 25",0
2025-02-03,9.28,9.28,9.28,9.28,9.23,0,0,0,0,9.28,"February 03, 25",0
2025-02-04,9.28,9.28,9.28,9.28,9.23,0,0,0,0,9.28,"February 04, 25",0
2025-02-05,9.28,9.28,9.28,9.28,9.23,0,0,0,0,9.28,"February 05, 25",0
2025-02-06,9.27,9.27,9.27,9.27,9.22,0,0,0,0,9.27,"February 06, 25",0
2025-02-07,9.27,9.27,9.27,9.27,9.22,0,0,0,0,9.27,"February 07, 25",0
2025-02-10,9.27,9.27,9.27,9.27,9.22,0,0,0,0,9.27,"February 10, 25",0
2025-02-11,9.27,9.27,9.27,9.27,9.22,0,0,0,0,9.27,"February 11, 25",0
2025-02-12,9.26,9.26,9.26,9.26,9.21,0,0,0,0,9.26,"February 12, 25",0
2025-02-13,9.26,9.26,9.26,9.26,9.21,0,0,0,0,9.26,"February 13, 25",0
2025-02-14,9.27,9.27,9.27,9.27,9.22,0,0,0,0,9.27,"February 14, 25",0
2025-02-18,9.27,9.27,9.27,9.27,9.22,0,0,0,0,9.27,"February 18, 25",0
2025-02-19,9.27,9.27,9.27,9.27,9.22,0,0,0,0,9.27,"February 19, 25",0
2025-02-20,9.27,9.27,9.27,9.27,9.22,0,0,0,0,9.27,"February 20, 25",0
2025-02-21,9.26,9.26,9.26,9.26,9.21,0,0,0,0,9.26,"February 21, 25",0
2025-02-24,9.26,9.26,9.26,9.26,9.21,0,0,0,0,9.26,"February 24, 25",0
2025-02-25,9.26,9.26,9.26,9.26,9.21,0,0,0,0,9.26,"February 25, 25",0
2025-02-26,9.26,9.26,9.26,9.26,9.21,0,0,0,0,9.26,"February 26, 25",0
2025-02-27,9.25,9.25,9.25,9.25,9.2,0,0,0,0,9.25,"February 27, 25",0
2025-02-28,9.25,9.25,9.25,9.25,9.25,0,0,0,0,9.25,"February 28, 25",0
2025-03-03,9.24,9.24,9.24,9.24,9.24,0,0,0,0,9.24,"March 03, 25",0
2025-03-04,9.23,9.23,9.23,9.23,9.23,0,0,0,0,9.23,"March 04, 25",0
2025-03-05,9.23,9.23,9.23,9.23,9.23,0,0,0,0,9.23,"March 05, 25",0
2025-03-06,9.22,9.22,9.22,9.22,9.22,0,0,0,0,9.22,"March 06, 25",0
2025-03-07,9.22,9.22,9.22,9.22,9.22,0,0,0,0,9.22,"March 07, 25",0
2025-03-10,9.21,9.21,9.21,9.21,9.21,0,0,0,0,9.21,"March 10, 25",0
2025-03-11,9.19,9.19,9.19,9.19,9.19,0,0,0,0,9.19,"March 11, 25",0
2025-03-12,9.19,9.19,9.19,9.19,9.19,0,0,0,0,9.19,"March 12, 25",0
2025-03-13,9.17,9.17,9.17,9.17,9.17,0,0,0,0,9.17,"March 13, 25",0
2025-03-14,9.17,9.17,9.17,9.17,9.17,0,0,0,0,9.17,"March 14, 25",0
2025-03-17,9.17,9.17,9.17,9.17,9.17,0,0,0,0,9.17,"March 17, 25",0
2025-03-18,9.16,9.16,9.16,9.16,9.16,0,0,0,0,9.16,"March 18, 25",0
2025-03-19,9.16,9.16,9.16,9.16,9.16,0,0,0,0,9.16,"March 19, 25",0
2025-03-20,9.17,9.17,9.17,9.17,9.17,0,0,0,0,9.17,"March 20, 25",0
2025-03-21,9.17,9.17,9.17,9.17,9.17,0,0,0,0,9.17,"March 21, 25",0
2025-03-24,9.18,9.18,9.18,9.18,9.18,0,0,0,0,9.18,"March 24, 25",0
2025-03-25,9.18,9.18,9.18,9.18,9.18,0,0,0,0,9.18,"March 25, 25",0
2025-03-26,9.18,9.18,9.18,9.18,9.18,0,0,0,0,9.18,"March 26, 25",0
2025-03-27,9.18,9.18,9.18,9.18,9.18,0,0,0,0,9.18,"March 27, 25",0
2025-03-28,9.17,9.17,9.17,9.17,9.17,0,0,0,0,9.17,"March 28, 25",0
2025-03-31,9.15,9.15,9.15,9.15,9.15,0,0,0,0,9.15,"March 31, 25",0
2025-04-01,9.14,9.14,9.14,9.14,9.14,0,0,0,0,9.14,"April 01, 25",0
2025-04-02,9.14,9.14,9.14,9.14,9.14,0,0,0,0,9.14,"April 02, 25",0
